filename,label
data/pedestrian_crops/image (1)_0.jpg,1
data/pedestrian_crops/image (10)_0.jpg,1
data/pedestrian_crops/image (100)_0.jpg,1
data/pedestrian_crops/image (100)_1.jpg,1
data/pedestrian_crops/image (101)_0.jpg,1
data/pedestrian_crops/image (101)_1.jpg,1
data/pedestrian_crops/image (101)_2.jpg,1
data/pedestrian_crops/image (102)_0.jpg,1
data/pedestrian_crops/image (102)_1.jpg,1
data/pedestrian_crops/image (103)_0.jpg,1
data/pedestrian_crops/image (103)_1.jpg,1
data/pedestrian_crops/image (104)_0.jpg,1
data/pedestrian_crops/image (105)_0.jpg,1
data/pedestrian_crops/image (105)_1.jpg,1
data/pedestrian_crops/image (106)_0.jpg,1
data/pedestrian_crops/image (106)_1.jpg,1
data/pedestrian_crops/image (106)_2.jpg,1
data/pedestrian_crops/image (107)_0.jpg,1
data/pedestrian_crops/image (108)_0.jpg,1
data/pedestrian_crops/image (109)_0.jpg,1
data/pedestrian_crops/image (109)_1.jpg,1
data/pedestrian_crops/image (109)_2.jpg,1
data/pedestrian_crops/image (109)_3.jpg,1
data/pedestrian_crops/image (11)_0.jpg,1
data/pedestrian_crops/image (110)_0.jpg,1
data/pedestrian_crops/image (111)_0.jpg,1
data/pedestrian_crops/image (112)_0.jpg,1
data/pedestrian_crops/image (112)_1.jpg,1
data/pedestrian_crops/image (112)_2.jpg,1
data/pedestrian_crops/image (113)_0.jpg,1
data/pedestrian_crops/image (114)_0.jpg,1
data/pedestrian_crops/image (114)_1.jpg,1
data/pedestrian_crops/image (114)_2.jpg,1
data/pedestrian_crops/image (114)_3.jpg,1
data/pedestrian_crops/image (115)_0.jpg,1
data/pedestrian_crops/image (115)_1.jpg,1
data/pedestrian_crops/image (115)_2.jpg,1
data/pedestrian_crops/image (116)_0.jpg,1
data/pedestrian_crops/image (117)_0.jpg,1
data/pedestrian_crops/image (117)_1.jpg,1
data/pedestrian_crops/image (118)_0.jpg,1
data/pedestrian_crops/image (118)_1.jpg,1
data/pedestrian_crops/image (118)_2.jpg,1
data/pedestrian_crops/image (118)_3.jpg,1
data/pedestrian_crops/image (118)_4.jpg,1
data/pedestrian_crops/image (118)_5.jpg,1
data/pedestrian_crops/image (119)_0.jpg,1
data/pedestrian_crops/image (119)_1.jpg,1
data/pedestrian_crops/image (119)_2.jpg,1
data/pedestrian_crops/image (12)_0.jpg,1
data/pedestrian_crops/image (120)_0.jpg,1
data/pedestrian_crops/image (120)_1.jpg,1
data/pedestrian_crops/image (121)_0.jpg,1
data/pedestrian_crops/image (121)_1.jpg,1
data/pedestrian_crops/image (121)_2.jpg,1
data/pedestrian_crops/image (121)_3.jpg,1
data/pedestrian_crops/image (121)_4.jpg,1
data/pedestrian_crops/image (121)_5.jpg,1
data/pedestrian_crops/image (121)_6.jpg,1
data/pedestrian_crops/image (122)_0.jpg,1
data/pedestrian_crops/image (123)_0.jpg,1
data/pedestrian_crops/image (123)_1.jpg,1
data/pedestrian_crops/image (124)_0.jpg,1
data/pedestrian_crops/image (125)_0.jpg,1
data/pedestrian_crops/image (126)_0.jpg,1
data/pedestrian_crops/image (126)_1.jpg,1
data/pedestrian_crops/image (127)_0.jpg,1
data/pedestrian_crops/image (127)_1.jpg,1
data/pedestrian_crops/image (128)_0.jpg,1
data/pedestrian_crops/image (128)_1.jpg,1
data/pedestrian_crops/image (128)_2.jpg,1
data/pedestrian_crops/image (129)_0.jpg,1
data/pedestrian_crops/image (129)_1.jpg,1
data/pedestrian_crops/image (13)_0.jpg,1
data/pedestrian_crops/image (13)_1.jpg,1
data/pedestrian_crops/image (13)_2.jpg,1
data/pedestrian_crops/image (13)_3.jpg,1
data/pedestrian_crops/image (130)_0.jpg,1
data/pedestrian_crops/image (130)_1.jpg,1
data/pedestrian_crops/image (131)_0.jpg,1
data/pedestrian_crops/image (131)_1.jpg,1
data/pedestrian_crops/image (132)_0.jpg,1
data/pedestrian_crops/image (132)_1.jpg,1
data/pedestrian_crops/image (132)_2.jpg,1
data/pedestrian_crops/image (132)_3.jpg,1
data/pedestrian_crops/image (132)_4.jpg,1
data/pedestrian_crops/image (133)_0.jpg,1
data/pedestrian_crops/image (134)_0.jpg,1
data/pedestrian_crops/image (135)_0.jpg,1
data/pedestrian_crops/image (135)_1.jpg,1
data/pedestrian_crops/image (135)_2.jpg,1
data/pedestrian_crops/image (135)_3.jpg,1
data/pedestrian_crops/image (135)_4.jpg,1
data/pedestrian_crops/image (136)_0.jpg,1
data/pedestrian_crops/image (136)_1.jpg,1
data/pedestrian_crops/image (137)_0.jpg,1
data/pedestrian_crops/image (138)_0.jpg,1
data/pedestrian_crops/image (138)_1.jpg,1
data/pedestrian_crops/image (139)_0.jpg,1
data/pedestrian_crops/image (139)_1.jpg,1
data/pedestrian_crops/image (14)_0.jpg,1
data/pedestrian_crops/image (140)_0.jpg,1
data/pedestrian_crops/image (140)_1.jpg,1
data/pedestrian_crops/image (140)_2.jpg,1
data/pedestrian_crops/image (141)_0.jpg,1
data/pedestrian_crops/image (141)_1.jpg,1
data/pedestrian_crops/image (142)_0.jpg,1
data/pedestrian_crops/image (143)_0.jpg,1
data/pedestrian_crops/image (144)_0.jpg,1
data/pedestrian_crops/image (144)_1.jpg,1
data/pedestrian_crops/image (145)_0.jpg,1
data/pedestrian_crops/image (145)_1.jpg,1
data/pedestrian_crops/image (145)_2.jpg,1
data/pedestrian_crops/image (146)_0.jpg,1
data/pedestrian_crops/image (147)_0.jpg,1
data/pedestrian_crops/image (148)_0.jpg,1
data/pedestrian_crops/image (148)_1.jpg,1
data/pedestrian_crops/image (148)_2.jpg,1
data/pedestrian_crops/image (148)_3.jpg,1
data/pedestrian_crops/image (149)_0.jpg,1
data/pedestrian_crops/image (149)_1.jpg,1
data/pedestrian_crops/image (15)_0.jpg,1
data/pedestrian_crops/image (15)_1.jpg,1
data/pedestrian_crops/image (150)_0.jpg,1
data/pedestrian_crops/image (151)_0.jpg,1
data/pedestrian_crops/image (151)_1.jpg,1
data/pedestrian_crops/image (152)_0.jpg,1
data/pedestrian_crops/image (152)_1.jpg,1
data/pedestrian_crops/image (153)_0.jpg,1
data/pedestrian_crops/image (153)_1.jpg,1
data/pedestrian_crops/image (153)_2.jpg,1
data/pedestrian_crops/image (153)_3.jpg,1
data/pedestrian_crops/image (153)_4.jpg,1
data/pedestrian_crops/image (153)_5.jpg,1
data/pedestrian_crops/image (154)_0.jpg,1
data/pedestrian_crops/image (154)_1.jpg,1
data/pedestrian_crops/image (155)_0.jpg,1
data/pedestrian_crops/image (156)_0.jpg,1
data/pedestrian_crops/image (157)_0.jpg,1
data/pedestrian_crops/image (157)_1.jpg,1
data/pedestrian_crops/image (157)_2.jpg,1
data/pedestrian_crops/image (157)_3.jpg,1
data/pedestrian_crops/image (158)_0.jpg,1
data/pedestrian_crops/image (158)_1.jpg,1
data/pedestrian_crops/image (159)_0.jpg,1
data/pedestrian_crops/image (159)_1.jpg,1
data/pedestrian_crops/image (16)_0.jpg,1
data/pedestrian_crops/image (160)_0.jpg,1
data/pedestrian_crops/image (160)_1.jpg,1
data/pedestrian_crops/image (161)_0.jpg,1
data/pedestrian_crops/image (161)_1.jpg,1
data/pedestrian_crops/image (162)_0.jpg,1
data/pedestrian_crops/image (163)_0.jpg,1
data/pedestrian_crops/image (163)_1.jpg,1
data/pedestrian_crops/image (163)_2.jpg,1
data/pedestrian_crops/image (163)_3.jpg,1
data/pedestrian_crops/image (164)_0.jpg,1
data/pedestrian_crops/image (164)_1.jpg,1
data/pedestrian_crops/image (165)_0.jpg,1
data/pedestrian_crops/image (166)_0.jpg,1
data/pedestrian_crops/image (166)_1.jpg,1
data/pedestrian_crops/image (166)_2.jpg,1
data/pedestrian_crops/image (166)_3.jpg,1
data/pedestrian_crops/image (167)_0.jpg,1
data/pedestrian_crops/image (168)_0.jpg,1
data/pedestrian_crops/image (169)_0.jpg,1
data/pedestrian_crops/image (169)_1.jpg,1
data/pedestrian_crops/image (169)_2.jpg,1
data/pedestrian_crops/image (169)_3.jpg,1
data/pedestrian_crops/image (17)_0.jpg,1
data/pedestrian_crops/image (170)_0.jpg,1
data/pedestrian_crops/image (171)_0.jpg,1
data/pedestrian_crops/image (172)_0.jpg,1
data/pedestrian_crops/image (172)_1.jpg,1
data/pedestrian_crops/image (173)_0.jpg,1
data/pedestrian_crops/image (173)_1.jpg,1
data/pedestrian_crops/image (174)_0.jpg,1
data/pedestrian_crops/image (174)_1.jpg,1
data/pedestrian_crops/image (174)_2.jpg,1
data/pedestrian_crops/image (174)_3.jpg,1
data/pedestrian_crops/image (174)_4.jpg,1
data/pedestrian_crops/image (174)_5.jpg,1
data/pedestrian_crops/image (175)_0.jpg,1
data/pedestrian_crops/image (176)_0.jpg,1
data/pedestrian_crops/image (177)_0.jpg,1
data/pedestrian_crops/image (177)_1.jpg,1
data/pedestrian_crops/image (178)_0.jpg,1
data/pedestrian_crops/image (178)_1.jpg,1
data/pedestrian_crops/image (179)_0.jpg,1
data/pedestrian_crops/image (18)_0.jpg,1
data/pedestrian_crops/image (18)_1.jpg,1
data/pedestrian_crops/image (18)_2.jpg,1
data/pedestrian_crops/image (180)_0.jpg,1
data/pedestrian_crops/image (181)_0.jpg,1
data/pedestrian_crops/image (181)_1.jpg,1
data/pedestrian_crops/image (182)_0.jpg,1
data/pedestrian_crops/image (182)_1.jpg,1
data/pedestrian_crops/image (182)_2.jpg,1
data/pedestrian_crops/image (183)_0.jpg,1
data/pedestrian_crops/image (183)_1.jpg,1
data/pedestrian_crops/image (184)_0.jpg,1
data/pedestrian_crops/image (184)_1.jpg,1
data/pedestrian_crops/image (185)_0.jpg,1
data/pedestrian_crops/image (186)_0.jpg,1
data/pedestrian_crops/image (186)_1.jpg,1
data/pedestrian_crops/image (186)_2.jpg,1
data/pedestrian_crops/image (186)_3.jpg,1
data/pedestrian_crops/image (187)_0.jpg,1
data/pedestrian_crops/image (188)_0.jpg,1
data/pedestrian_crops/image (189)_0.jpg,1
data/pedestrian_crops/image (19)_0.jpg,1
data/pedestrian_crops/image (19)_1.jpg,1
data/pedestrian_crops/image (19)_2.jpg,1
data/pedestrian_crops/image (190)_0.jpg,1
data/pedestrian_crops/image (191)_0.jpg,1
data/pedestrian_crops/image (192)_0.jpg,1
data/pedestrian_crops/image (192)_1.jpg,1
data/pedestrian_crops/image (192)_2.jpg,1
data/pedestrian_crops/image (192)_3.jpg,1
data/pedestrian_crops/image (192)_4.jpg,1
data/pedestrian_crops/image (192)_5.jpg,1
data/pedestrian_crops/image (192)_6.jpg,1
data/pedestrian_crops/image (192)_7.jpg,1
data/pedestrian_crops/image (192)_8.jpg,1
data/pedestrian_crops/image (193)_0.jpg,1
data/pedestrian_crops/image (194)_0.jpg,1
data/pedestrian_crops/image (194)_1.jpg,1
data/pedestrian_crops/image (195)_0.jpg,1
data/pedestrian_crops/image (195)_1.jpg,1
data/pedestrian_crops/image (195)_2.jpg,1
data/pedestrian_crops/image (195)_3.jpg,1
data/pedestrian_crops/image (196)_0.jpg,1
data/pedestrian_crops/image (196)_1.jpg,1
data/pedestrian_crops/image (196)_2.jpg,1
data/pedestrian_crops/image (197)_0.jpg,1
data/pedestrian_crops/image (198)_0.jpg,1
data/pedestrian_crops/image (198)_1.jpg,1
data/pedestrian_crops/image (198)_2.jpg,1
data/pedestrian_crops/image (198)_3.jpg,1
data/pedestrian_crops/image (198)_4.jpg,1
data/pedestrian_crops/image (199)_0.jpg,1
data/pedestrian_crops/image (2)_0.jpg,1
data/pedestrian_crops/image (20)_0.jpg,1
data/pedestrian_crops/image (200)_0.jpg,1
data/pedestrian_crops/image (201)_0.jpg,1
data/pedestrian_crops/image (201)_1.jpg,1
data/pedestrian_crops/image (201)_2.jpg,1
data/pedestrian_crops/image (202)_0.jpg,1
data/pedestrian_crops/image (202)_1.jpg,1
data/pedestrian_crops/image (203)_0.jpg,1
data/pedestrian_crops/image (204)_0.jpg,1
data/pedestrian_crops/image (205)_0.jpg,1
data/pedestrian_crops/image (205)_1.jpg,1
data/pedestrian_crops/image (205)_2.jpg,1
data/pedestrian_crops/image (205)_3.jpg,1
data/pedestrian_crops/image (205)_4.jpg,1
data/pedestrian_crops/image (205)_5.jpg,1
data/pedestrian_crops/image (205)_6.jpg,1
data/pedestrian_crops/image (205)_7.jpg,1
data/pedestrian_crops/image (205)_8.jpg,1
data/pedestrian_crops/image (205)_9.jpg,1
data/pedestrian_crops/image (206)_0.jpg,1
data/pedestrian_crops/image (207)_0.jpg,1
data/pedestrian_crops/image (208)_0.jpg,1
data/pedestrian_crops/image (209)_0.jpg,1
data/pedestrian_crops/image (21)_0.jpg,1
data/pedestrian_crops/image (21)_1.jpg,1
data/pedestrian_crops/image (21)_2.jpg,1
data/pedestrian_crops/image (21)_3.jpg,1
data/pedestrian_crops/image (21)_4.jpg,1
data/pedestrian_crops/image (21)_5.jpg,1
data/pedestrian_crops/image (210)_0.jpg,1
data/pedestrian_crops/image (210)_1.jpg,1
data/pedestrian_crops/image (211)_0.jpg,1
data/pedestrian_crops/image (211)_1.jpg,1
data/pedestrian_crops/image (211)_2.jpg,1
data/pedestrian_crops/image (212)_0.jpg,1
data/pedestrian_crops/image (213)_0.jpg,1
data/pedestrian_crops/image (213)_1.jpg,1
data/pedestrian_crops/image (214)_0.jpg,1
data/pedestrian_crops/image (214)_1.jpg,1
data/pedestrian_crops/image (215)_0.jpg,1
data/pedestrian_crops/image (216)_0.jpg,1
data/pedestrian_crops/image (216)_1.jpg,1
data/pedestrian_crops/image (216)_2.jpg,1
data/pedestrian_crops/image (216)_3.jpg,1
data/pedestrian_crops/image (216)_4.jpg,1
data/pedestrian_crops/image (216)_5.jpg,1
data/pedestrian_crops/image (216)_6.jpg,1
data/pedestrian_crops/image (217)_0.jpg,1
data/pedestrian_crops/image (218)_0.jpg,1
data/pedestrian_crops/image (218)_1.jpg,1
data/pedestrian_crops/image (219)_0.jpg,1
data/pedestrian_crops/image (22)_0.jpg,1
data/pedestrian_crops/image (22)_1.jpg,1
data/pedestrian_crops/image (22)_2.jpg,1
data/pedestrian_crops/image (22)_3.jpg,1
data/pedestrian_crops/image (22)_4.jpg,1
data/pedestrian_crops/image (22)_5.jpg,1
data/pedestrian_crops/image (220)_0.jpg,1
data/pedestrian_crops/image (220)_1.jpg,1
data/pedestrian_crops/image (221)_0.jpg,1
data/pedestrian_crops/image (222)_0.jpg,1
data/pedestrian_crops/image (222)_1.jpg,1
data/pedestrian_crops/image (222)_2.jpg,1
data/pedestrian_crops/image (222)_3.jpg,1
data/pedestrian_crops/image (223)_0.jpg,1
data/pedestrian_crops/image (224)_0.jpg,1
data/pedestrian_crops/image (224)_1.jpg,1
data/pedestrian_crops/image (224)_2.jpg,1
data/pedestrian_crops/image (225)_0.jpg,1
data/pedestrian_crops/image (225)_1.jpg,1
data/pedestrian_crops/image (226)_0.jpg,1
data/pedestrian_crops/image (226)_1.jpg,1
data/pedestrian_crops/image (227)_0.jpg,1
data/pedestrian_crops/image (227)_1.jpg,1
data/pedestrian_crops/image (227)_2.jpg,1
data/pedestrian_crops/image (227)_3.jpg,1
data/pedestrian_crops/image (228)_0.jpg,1
data/pedestrian_crops/image (229)_0.jpg,1
data/pedestrian_crops/image (229)_1.jpg,1
data/pedestrian_crops/image (23)_0.jpg,1
data/pedestrian_crops/image (23)_1.jpg,1
data/pedestrian_crops/image (230)_0.jpg,1
data/pedestrian_crops/image (231)_0.jpg,1
data/pedestrian_crops/image (231)_1.jpg,1
data/pedestrian_crops/image (231)_2.jpg,1
data/pedestrian_crops/image (231)_3.jpg,1
data/pedestrian_crops/image (231)_4.jpg,1
data/pedestrian_crops/image (231)_5.jpg,1
data/pedestrian_crops/image (231)_6.jpg,1
data/pedestrian_crops/image (232)_0.jpg,1
data/pedestrian_crops/image (232)_1.jpg,1
data/pedestrian_crops/image (233)_0.jpg,1
data/pedestrian_crops/image (233)_1.jpg,1
data/pedestrian_crops/image (233)_2.jpg,1
data/pedestrian_crops/image (234)_0.jpg,1
data/pedestrian_crops/image (235)_0.jpg,1
data/pedestrian_crops/image (235)_1.jpg,1
data/pedestrian_crops/image (235)_2.jpg,1
data/pedestrian_crops/image (236)_0.jpg,1
data/pedestrian_crops/image (237)_0.jpg,1
data/pedestrian_crops/image (237)_1.jpg,1
data/pedestrian_crops/image (238)_0.jpg,1
data/pedestrian_crops/image (239)_0.jpg,1
data/pedestrian_crops/image (24)_0.jpg,1
data/pedestrian_crops/image (240)_0.jpg,1
data/pedestrian_crops/image (241)_0.jpg,1
data/pedestrian_crops/image (241)_1.jpg,1
data/pedestrian_crops/image (241)_2.jpg,1
data/pedestrian_crops/image (242)_0.jpg,1
data/pedestrian_crops/image (243)_0.jpg,1
data/pedestrian_crops/image (244)_0.jpg,1
data/pedestrian_crops/image (244)_1.jpg,1
data/pedestrian_crops/image (244)_2.jpg,1
data/pedestrian_crops/image (244)_3.jpg,1
data/pedestrian_crops/image (244)_4.jpg,1
data/pedestrian_crops/image (244)_5.jpg,1
data/pedestrian_crops/image (244)_6.jpg,1
data/pedestrian_crops/image (244)_7.jpg,1
data/pedestrian_crops/image (244)_8.jpg,1
data/pedestrian_crops/image (244)_9.jpg,1
data/pedestrian_crops/image (245)_0.jpg,1
data/pedestrian_crops/image (245)_1.jpg,1
data/pedestrian_crops/image (246)_0.jpg,1
data/pedestrian_crops/image (247)_0.jpg,1
data/pedestrian_crops/image (248)_0.jpg,1
data/pedestrian_crops/image (249)_0.jpg,1
data/pedestrian_crops/image (25)_0.jpg,1
data/pedestrian_crops/image (250)_0.jpg,1
data/pedestrian_crops/image (250)_1.jpg,1
data/pedestrian_crops/image (251)_0.jpg,1
data/pedestrian_crops/image (252)_0.jpg,1
data/pedestrian_crops/image (252)_1.jpg,1
data/pedestrian_crops/image (253)_0.jpg,1
data/pedestrian_crops/image (254)_0.jpg,1
data/pedestrian_crops/image (255)_0.jpg,1
data/pedestrian_crops/image (256)_0.jpg,1
data/pedestrian_crops/image (256)_1.jpg,1
data/pedestrian_crops/image (257)_0.jpg,1
data/pedestrian_crops/image (257)_1.jpg,1
data/pedestrian_crops/image (258)_0.jpg,1
data/pedestrian_crops/image (259)_0.jpg,1
data/pedestrian_crops/image (259)_1.jpg,1
data/pedestrian_crops/image (259)_2.jpg,1
data/pedestrian_crops/image (26)_0.jpg,1
data/pedestrian_crops/image (260)_0.jpg,1
data/pedestrian_crops/image (261)_0.jpg,1
data/pedestrian_crops/image (261)_1.jpg,1
data/pedestrian_crops/image (262)_0.jpg,1
data/pedestrian_crops/image (263)_0.jpg,1
data/pedestrian_crops/image (264)_0.jpg,1
data/pedestrian_crops/image (264)_1.jpg,1
data/pedestrian_crops/image (264)_2.jpg,1
data/pedestrian_crops/image (265)_0.jpg,1
data/pedestrian_crops/image (266)_0.jpg,1
data/pedestrian_crops/image (266)_1.jpg,1
data/pedestrian_crops/image (266)_2.jpg,1
data/pedestrian_crops/image (266)_3.jpg,1
data/pedestrian_crops/image (266)_4.jpg,1
data/pedestrian_crops/image (266)_5.jpg,1
data/pedestrian_crops/image (266)_6.jpg,1
data/pedestrian_crops/image (266)_7.jpg,1
data/pedestrian_crops/image (266)_8.jpg,1
data/pedestrian_crops/image (266)_9.jpg,1
data/pedestrian_crops/image (267)_0.jpg,1
data/pedestrian_crops/image (268)_0.jpg,1
data/pedestrian_crops/image (269)_0.jpg,1
data/pedestrian_crops/image (27)_0.jpg,1
data/pedestrian_crops/image (27)_1.jpg,1
data/pedestrian_crops/image (270)_0.jpg,1
data/pedestrian_crops/image (271)_0.jpg,1
data/pedestrian_crops/image (271)_1.jpg,1
data/pedestrian_crops/image (272)_0.jpg,1
data/pedestrian_crops/image (272)_1.jpg,1
data/pedestrian_crops/image (273)_0.jpg,1
data/pedestrian_crops/image (273)_1.jpg,1
data/pedestrian_crops/image (273)_2.jpg,1
data/pedestrian_crops/image (273)_3.jpg,1
data/pedestrian_crops/image (274)_0.jpg,1
data/pedestrian_crops/image (275)_0.jpg,1
data/pedestrian_crops/image (276)_0.jpg,1
data/pedestrian_crops/image (276)_1.jpg,1
data/pedestrian_crops/image (277)_0.jpg,1
data/pedestrian_crops/image (277)_1.jpg,1
data/pedestrian_crops/image (277)_2.jpg,1
data/pedestrian_crops/image (278)_0.jpg,1
data/pedestrian_crops/image (279)_0.jpg,1
data/pedestrian_crops/image (279)_1.jpg,1
data/pedestrian_crops/image (28)_0.jpg,1
data/pedestrian_crops/image (28)_1.jpg,1
data/pedestrian_crops/image (28)_2.jpg,1
data/pedestrian_crops/image (280)_0.jpg,1
data/pedestrian_crops/image (281)_0.jpg,1
data/pedestrian_crops/image (282)_0.jpg,1
data/pedestrian_crops/image (282)_1.jpg,1
data/pedestrian_crops/image (282)_2.jpg,1
data/pedestrian_crops/image (282)_3.jpg,1
data/pedestrian_crops/image (282)_4.jpg,1
data/pedestrian_crops/image (283)_0.jpg,1
data/pedestrian_crops/image (284)_0.jpg,1
data/pedestrian_crops/image (284)_1.jpg,1
data/pedestrian_crops/image (285)_0.jpg,1
data/pedestrian_crops/image (286)_0.jpg,1
data/pedestrian_crops/image (287)_0.jpg,1
data/pedestrian_crops/image (287)_1.jpg,1
data/pedestrian_crops/image (287)_2.jpg,1
data/pedestrian_crops/image (287)_3.jpg,1
data/pedestrian_crops/image (287)_4.jpg,1
data/pedestrian_crops/image (288)_0.jpg,1
data/pedestrian_crops/image (289)_0.jpg,1
data/pedestrian_crops/image (289)_1.jpg,1
data/pedestrian_crops/image (289)_2.jpg,1
data/pedestrian_crops/image (29)_0.jpg,1
data/pedestrian_crops/image (290)_0.jpg,1
data/pedestrian_crops/image (290)_1.jpg,1
data/pedestrian_crops/image (291)_0.jpg,1
data/pedestrian_crops/image (292)_0.jpg,1
data/pedestrian_crops/image (293)_0.jpg,1
data/pedestrian_crops/image (294)_0.jpg,1
data/pedestrian_crops/image (295)_0.jpg,1
data/pedestrian_crops/image (295)_1.jpg,1
data/pedestrian_crops/image (296)_0.jpg,1
data/pedestrian_crops/image (297)_0.jpg,1
data/pedestrian_crops/image (297)_1.jpg,1
data/pedestrian_crops/image (298)_0.jpg,1
data/pedestrian_crops/image (299)_0.jpg,1
data/pedestrian_crops/image (299)_1.jpg,1
data/pedestrian_crops/image (299)_2.jpg,1
data/pedestrian_crops/image (299)_3.jpg,1
data/pedestrian_crops/image (3)_0.jpg,1
data/pedestrian_crops/image (3)_1.jpg,1
data/pedestrian_crops/image (3)_2.jpg,1
data/pedestrian_crops/image (3)_3.jpg,1
data/pedestrian_crops/image (3)_4.jpg,1
data/pedestrian_crops/image (3)_5.jpg,1
data/pedestrian_crops/image (3)_6.jpg,1
data/pedestrian_crops/image (30)_0.jpg,1
data/pedestrian_crops/image (300)_0.jpg,1
data/pedestrian_crops/image (301)_0.jpg,1
data/pedestrian_crops/image (302)_0.jpg,1
data/pedestrian_crops/image (303)_0.jpg,1
data/pedestrian_crops/image (304)_0.jpg,1
data/pedestrian_crops/image (305)_0.jpg,1
data/pedestrian_crops/image (305)_1.jpg,1
data/pedestrian_crops/image (306)_0.jpg,1
data/pedestrian_crops/image (306)_1.jpg,1
data/pedestrian_crops/image (307)_0.jpg,1
data/pedestrian_crops/image (308)_0.jpg,1
data/pedestrian_crops/image (309)_0.jpg,1
data/pedestrian_crops/image (31)_0.jpg,1
data/pedestrian_crops/image (310)_0.jpg,1
data/pedestrian_crops/image (311)_0.jpg,1
data/pedestrian_crops/image (311)_1.jpg,1
data/pedestrian_crops/image (312)_0.jpg,1
data/pedestrian_crops/image (313)_0.jpg,1
data/pedestrian_crops/image (313)_1.jpg,1
data/pedestrian_crops/image (313)_2.jpg,1
data/pedestrian_crops/image (314)_0.jpg,1
data/pedestrian_crops/image (315)_0.jpg,1
data/pedestrian_crops/image (316)_0.jpg,1
data/pedestrian_crops/image (317)_0.jpg,1
data/pedestrian_crops/image (317)_1.jpg,1
data/pedestrian_crops/image (318)_0.jpg,1
data/pedestrian_crops/image (318)_1.jpg,1
data/pedestrian_crops/image (319)_0.jpg,1
data/pedestrian_crops/image (319)_1.jpg,1
data/pedestrian_crops/image (319)_2.jpg,1
data/pedestrian_crops/image (32)_0.jpg,1
data/pedestrian_crops/image (32)_1.jpg,1
data/pedestrian_crops/image (320)_0.jpg,1
data/pedestrian_crops/image (320)_1.jpg,1
data/pedestrian_crops/image (321)_0.jpg,1
data/pedestrian_crops/image (321)_1.jpg,1
data/pedestrian_crops/image (322)_0.jpg,1
data/pedestrian_crops/image (323)_0.jpg,1
data/pedestrian_crops/image (324)_0.jpg,1
data/pedestrian_crops/image (324)_1.jpg,1
data/pedestrian_crops/image (324)_2.jpg,1
data/pedestrian_crops/image (325)_0.jpg,1
data/pedestrian_crops/image (326)_0.jpg,1
data/pedestrian_crops/image (326)_1.jpg,1
data/pedestrian_crops/image (326)_2.jpg,1
data/pedestrian_crops/image (326)_3.jpg,1
data/pedestrian_crops/image (327)_0.jpg,1
data/pedestrian_crops/image (328)_0.jpg,1
data/pedestrian_crops/image (329)_0.jpg,1
data/pedestrian_crops/image (329)_1.jpg,1
data/pedestrian_crops/image (329)_2.jpg,1
data/pedestrian_crops/image (33)_0.jpg,1
data/pedestrian_crops/image (33)_1.jpg,1
data/pedestrian_crops/image (330)_0.jpg,1
data/pedestrian_crops/image (330)_1.jpg,1
data/pedestrian_crops/image (330)_2.jpg,1
data/pedestrian_crops/image (331)_0.jpg,1
data/pedestrian_crops/image (332)_0.jpg,1
data/pedestrian_crops/image (333)_0.jpg,1
data/pedestrian_crops/image (334)_0.jpg,1
data/pedestrian_crops/image (334)_1.jpg,1
data/pedestrian_crops/image (335)_0.jpg,1
data/pedestrian_crops/image (335)_1.jpg,1
data/pedestrian_crops/image (336)_0.jpg,1
data/pedestrian_crops/image (336)_1.jpg,1
data/pedestrian_crops/image (337)_0.jpg,1
data/pedestrian_crops/image (337)_1.jpg,1
data/pedestrian_crops/image (338)_0.jpg,1
data/pedestrian_crops/image (339)_0.jpg,1
data/pedestrian_crops/image (34)_0.jpg,1
data/pedestrian_crops/image (340)_0.jpg,1
data/pedestrian_crops/image (340)_1.jpg,1
data/pedestrian_crops/image (340)_2.jpg,1
data/pedestrian_crops/image (341)_0.jpg,1
data/pedestrian_crops/image (342)_0.jpg,1
data/pedestrian_crops/image (343)_0.jpg,1
data/pedestrian_crops/image (344)_0.jpg,1
data/pedestrian_crops/image (344)_1.jpg,1
data/pedestrian_crops/image (345)_0.jpg,1
data/pedestrian_crops/image (345)_1.jpg,1
data/pedestrian_crops/image (345)_2.jpg,1
data/pedestrian_crops/image (345)_3.jpg,1
data/pedestrian_crops/image (346)_0.jpg,1
data/pedestrian_crops/image (347)_0.jpg,1
data/pedestrian_crops/image (347)_1.jpg,1
data/pedestrian_crops/image (347)_2.jpg,1
data/pedestrian_crops/image (347)_3.jpg,1
data/pedestrian_crops/image (347)_4.jpg,1
data/pedestrian_crops/image (347)_5.jpg,1
data/pedestrian_crops/image (347)_6.jpg,1
data/pedestrian_crops/image (347)_7.jpg,1
data/pedestrian_crops/image (348)_0.jpg,1
data/pedestrian_crops/image (348)_1.jpg,1
data/pedestrian_crops/image (348)_2.jpg,1
data/pedestrian_crops/image (349)_0.jpg,1
data/pedestrian_crops/image (349)_1.jpg,1
data/pedestrian_crops/image (35)_0.jpg,1
data/pedestrian_crops/image (35)_1.jpg,1
data/pedestrian_crops/image (350)_0.jpg,1
data/pedestrian_crops/image (351)_0.jpg,1
data/pedestrian_crops/image (352)_0.jpg,1
data/pedestrian_crops/image (353)_0.jpg,1
data/pedestrian_crops/image (353)_1.jpg,1
data/pedestrian_crops/image (353)_2.jpg,1
data/pedestrian_crops/image (354)_0.jpg,1
data/pedestrian_crops/image (354)_1.jpg,1
data/pedestrian_crops/image (355)_0.jpg,1
data/pedestrian_crops/image (356)_0.jpg,1
data/pedestrian_crops/image (356)_1.jpg,1
data/pedestrian_crops/image (356)_2.jpg,1
data/pedestrian_crops/image (357)_0.jpg,1
data/pedestrian_crops/image (357)_1.jpg,1
data/pedestrian_crops/image (358)_0.jpg,1
data/pedestrian_crops/image (358)_1.jpg,1
data/pedestrian_crops/image (359)_0.jpg,1
data/pedestrian_crops/image (359)_1.jpg,1
data/pedestrian_crops/image (36)_0.jpg,1
data/pedestrian_crops/image (360)_0.jpg,1
data/pedestrian_crops/image (361)_0.jpg,1
data/pedestrian_crops/image (361)_1.jpg,1
data/pedestrian_crops/image (361)_2.jpg,1
data/pedestrian_crops/image (362)_0.jpg,1
data/pedestrian_crops/image (362)_1.jpg,1
data/pedestrian_crops/image (363)_0.jpg,1
data/pedestrian_crops/image (364)_0.jpg,1
data/pedestrian_crops/image (365)_0.jpg,1
data/pedestrian_crops/image (366)_0.jpg,1
data/pedestrian_crops/image (366)_1.jpg,1
data/pedestrian_crops/image (367)_0.jpg,1
data/pedestrian_crops/image (367)_1.jpg,1
data/pedestrian_crops/image (367)_2.jpg,1
data/pedestrian_crops/image (367)_3.jpg,1
data/pedestrian_crops/image (368)_0.jpg,1
data/pedestrian_crops/image (368)_1.jpg,1
data/pedestrian_crops/image (368)_2.jpg,1
data/pedestrian_crops/image (369)_0.jpg,1
data/pedestrian_crops/image (37)_0.jpg,1
data/pedestrian_crops/image (37)_1.jpg,1
data/pedestrian_crops/image (37)_2.jpg,1
data/pedestrian_crops/image (370)_0.jpg,1
data/pedestrian_crops/image (370)_1.jpg,1
data/pedestrian_crops/image (370)_2.jpg,1
data/pedestrian_crops/image (371)_0.jpg,1
data/pedestrian_crops/image (371)_1.jpg,1
data/pedestrian_crops/image (372)_0.jpg,1
data/pedestrian_crops/image (372)_1.jpg,1
data/pedestrian_crops/image (373)_0.jpg,1
data/pedestrian_crops/image (374)_0.jpg,1
data/pedestrian_crops/image (375)_0.jpg,1
data/pedestrian_crops/image (375)_1.jpg,1
data/pedestrian_crops/image (375)_2.jpg,1
data/pedestrian_crops/image (375)_3.jpg,1
data/pedestrian_crops/image (375)_4.jpg,1
data/pedestrian_crops/image (376)_0.jpg,1
data/pedestrian_crops/image (376)_1.jpg,1
data/pedestrian_crops/image (376)_2.jpg,1
data/pedestrian_crops/image (377)_0.jpg,1
data/pedestrian_crops/image (377)_1.jpg,1
data/pedestrian_crops/image (378)_0.jpg,1
data/pedestrian_crops/image (378)_1.jpg,1
data/pedestrian_crops/image (379)_0.jpg,1
data/pedestrian_crops/image (38)_0.jpg,1
data/pedestrian_crops/image (38)_1.jpg,1
data/pedestrian_crops/image (38)_2.jpg,1
data/pedestrian_crops/image (380)_0.jpg,1
data/pedestrian_crops/image (381)_0.jpg,1
data/pedestrian_crops/image (382)_0.jpg,1
data/pedestrian_crops/image (383)_0.jpg,1
data/pedestrian_crops/image (383)_1.jpg,1
data/pedestrian_crops/image (384)_0.jpg,1
data/pedestrian_crops/image (385)_0.jpg,1
data/pedestrian_crops/image (385)_1.jpg,1
data/pedestrian_crops/image (386)_0.jpg,1
data/pedestrian_crops/image (386)_1.jpg,1
data/pedestrian_crops/image (386)_2.jpg,1
data/pedestrian_crops/image (387)_0.jpg,1
data/pedestrian_crops/image (387)_1.jpg,1
data/pedestrian_crops/image (387)_2.jpg,1
data/pedestrian_crops/image (387)_3.jpg,1
data/pedestrian_crops/image (388)_0.jpg,1
data/pedestrian_crops/image (388)_1.jpg,1
data/pedestrian_crops/image (389)_0.jpg,1
data/pedestrian_crops/image (389)_1.jpg,1
data/pedestrian_crops/image (39)_0.jpg,1
data/pedestrian_crops/image (39)_1.jpg,1
data/pedestrian_crops/image (39)_2.jpg,1
data/pedestrian_crops/image (39)_3.jpg,1
data/pedestrian_crops/image (39)_4.jpg,1
data/pedestrian_crops/image (39)_5.jpg,1
data/pedestrian_crops/image (39)_6.jpg,1
data/pedestrian_crops/image (39)_7.jpg,1
data/pedestrian_crops/image (39)_8.jpg,1
data/pedestrian_crops/image (39)_9.jpg,1
data/pedestrian_crops/image (39)_10.jpg,1
data/pedestrian_crops/image (39)_11.jpg,1
data/pedestrian_crops/image (390)_0.jpg,1
data/pedestrian_crops/image (390)_1.jpg,1
data/pedestrian_crops/image (391)_0.jpg,1
data/pedestrian_crops/image (391)_1.jpg,1
data/pedestrian_crops/image (392)_0.jpg,1
data/pedestrian_crops/image (393)_0.jpg,1
data/pedestrian_crops/image (393)_1.jpg,1
data/pedestrian_crops/image (394)_0.jpg,1
data/pedestrian_crops/image (394)_1.jpg,1
data/pedestrian_crops/image (395)_0.jpg,1
data/pedestrian_crops/image (395)_1.jpg,1
data/pedestrian_crops/image (395)_2.jpg,1
data/pedestrian_crops/image (395)_3.jpg,1
data/pedestrian_crops/image (395)_4.jpg,1
data/pedestrian_crops/image (395)_5.jpg,1
data/pedestrian_crops/image (396)_0.jpg,1
data/pedestrian_crops/image (396)_1.jpg,1
data/pedestrian_crops/image (397)_0.jpg,1
data/pedestrian_crops/image (398)_0.jpg,1
data/pedestrian_crops/image (399)_0.jpg,1
data/pedestrian_crops/image (4)_0.jpg,1
data/pedestrian_crops/image (40)_0.jpg,1
data/pedestrian_crops/image (400)_0.jpg,1
data/pedestrian_crops/image (401)_0.jpg,1
data/pedestrian_crops/image (402)_0.jpg,1
data/pedestrian_crops/image (403)_0.jpg,1
data/pedestrian_crops/image (404)_0.jpg,1
data/pedestrian_crops/image (404)_1.jpg,1
data/pedestrian_crops/image (404)_2.jpg,1
data/pedestrian_crops/image (405)_0.jpg,1
data/pedestrian_crops/image (406)_0.jpg,1
data/pedestrian_crops/image (406)_1.jpg,1
data/pedestrian_crops/image (407)_0.jpg,1
data/pedestrian_crops/image (408)_0.jpg,1
data/pedestrian_crops/image (408)_1.jpg,1
data/pedestrian_crops/image (409)_0.jpg,1
data/pedestrian_crops/image (41)_0.jpg,1
data/pedestrian_crops/image (41)_1.jpg,1
data/pedestrian_crops/image (410)_0.jpg,1
data/pedestrian_crops/image (411)_0.jpg,1
data/pedestrian_crops/image (412)_0.jpg,1
data/pedestrian_crops/image (412)_1.jpg,1
data/pedestrian_crops/image (412)_2.jpg,1
data/pedestrian_crops/image (413)_0.jpg,1
data/pedestrian_crops/image (414)_0.jpg,1
data/pedestrian_crops/image (415)_0.jpg,1
data/pedestrian_crops/image (415)_1.jpg,1
data/pedestrian_crops/image (416)_0.jpg,1
data/pedestrian_crops/image (416)_1.jpg,1
data/pedestrian_crops/image (416)_2.jpg,1
data/pedestrian_crops/image (416)_3.jpg,1
data/pedestrian_crops/image (417)_0.jpg,1
data/pedestrian_crops/image (418)_0.jpg,1
data/pedestrian_crops/image (418)_1.jpg,1
data/pedestrian_crops/image (419)_0.jpg,1
data/pedestrian_crops/image (42)_0.jpg,1
data/pedestrian_crops/image (420)_0.jpg,1
data/pedestrian_crops/image (420)_1.jpg,1
data/pedestrian_crops/image (420)_2.jpg,1
data/pedestrian_crops/image (420)_3.jpg,1
data/pedestrian_crops/image (420)_4.jpg,1
data/pedestrian_crops/image (421)_0.jpg,1
data/pedestrian_crops/image (421)_1.jpg,1
data/pedestrian_crops/image (422)_0.jpg,1
data/pedestrian_crops/image (423)_0.jpg,1
data/pedestrian_crops/image (423)_1.jpg,1
data/pedestrian_crops/image (423)_2.jpg,1
data/pedestrian_crops/image (423)_3.jpg,1
data/pedestrian_crops/image (423)_4.jpg,1
data/pedestrian_crops/image (424)_0.jpg,1
data/pedestrian_crops/image (425)_0.jpg,1
data/pedestrian_crops/image (426)_0.jpg,1
data/pedestrian_crops/image (426)_1.jpg,1
data/pedestrian_crops/image (427)_0.jpg,1
data/pedestrian_crops/image (427)_1.jpg,1
data/pedestrian_crops/image (428)_0.jpg,1
data/pedestrian_crops/image (428)_1.jpg,1
data/pedestrian_crops/image (429)_0.jpg,1
data/pedestrian_crops/image (429)_1.jpg,1
data/pedestrian_crops/image (429)_2.jpg,1
data/pedestrian_crops/image (429)_3.jpg,1
data/pedestrian_crops/image (429)_4.jpg,1
data/pedestrian_crops/image (429)_5.jpg,1
data/pedestrian_crops/image (429)_6.jpg,1
data/pedestrian_crops/image (43)_0.jpg,1
data/pedestrian_crops/image (430)_0.jpg,1
data/pedestrian_crops/image (431)_0.jpg,1
data/pedestrian_crops/image (431)_1.jpg,1
data/pedestrian_crops/image (432)_0.jpg,1
data/pedestrian_crops/image (433)_0.jpg,1
data/pedestrian_crops/image (434)_0.jpg,1
data/pedestrian_crops/image (434)_1.jpg,1
data/pedestrian_crops/image (435)_0.jpg,1
data/pedestrian_crops/image (436)_0.jpg,1
data/pedestrian_crops/image (436)_1.jpg,1
data/pedestrian_crops/image (437)_0.jpg,1
data/pedestrian_crops/image (438)_0.jpg,1
data/pedestrian_crops/image (439)_0.jpg,1
data/pedestrian_crops/image (44)_0.jpg,1
data/pedestrian_crops/image (440)_0.jpg,1
data/pedestrian_crops/image (441)_0.jpg,1
data/pedestrian_crops/image (442)_0.jpg,1
data/pedestrian_crops/image (443)_0.jpg,1
data/pedestrian_crops/image (443)_1.jpg,1
data/pedestrian_crops/image (443)_2.jpg,1
data/pedestrian_crops/image (443)_3.jpg,1
data/pedestrian_crops/image (444)_0.jpg,1
data/pedestrian_crops/image (445)_0.jpg,1
data/pedestrian_crops/image (446)_0.jpg,1
data/pedestrian_crops/image (447)_0.jpg,1
data/pedestrian_crops/image (448)_0.jpg,1
data/pedestrian_crops/image (448)_1.jpg,1
data/pedestrian_crops/image (448)_2.jpg,1
data/pedestrian_crops/image (448)_3.jpg,1
data/pedestrian_crops/image (449)_0.jpg,1
data/pedestrian_crops/image (45)_0.jpg,1
data/pedestrian_crops/image (45)_1.jpg,1
data/pedestrian_crops/image (45)_2.jpg,1
data/pedestrian_crops/image (450)_0.jpg,1
data/pedestrian_crops/image (451)_0.jpg,1
data/pedestrian_crops/image (451)_1.jpg,1
data/pedestrian_crops/image (451)_2.jpg,1
data/pedestrian_crops/image (452)_0.jpg,1
data/pedestrian_crops/image (452)_1.jpg,1
data/pedestrian_crops/image (452)_2.jpg,1
data/pedestrian_crops/image (452)_3.jpg,1
data/pedestrian_crops/image (453)_0.jpg,1
data/pedestrian_crops/image (453)_1.jpg,1
data/pedestrian_crops/image (453)_2.jpg,1
data/pedestrian_crops/image (454)_0.jpg,1
data/pedestrian_crops/image (454)_1.jpg,1
data/pedestrian_crops/image (455)_0.jpg,1
data/pedestrian_crops/image (455)_1.jpg,1
data/pedestrian_crops/image (455)_2.jpg,1
data/pedestrian_crops/image (456)_0.jpg,1
data/pedestrian_crops/image (457)_0.jpg,1
data/pedestrian_crops/image (457)_1.jpg,1
data/pedestrian_crops/image (457)_2.jpg,1
data/pedestrian_crops/image (458)_0.jpg,1
data/pedestrian_crops/image (459)_0.jpg,1
data/pedestrian_crops/image (459)_1.jpg,1
data/pedestrian_crops/image (459)_2.jpg,1
data/pedestrian_crops/image (459)_3.jpg,1
data/pedestrian_crops/image (459)_4.jpg,1
data/pedestrian_crops/image (459)_5.jpg,1
data/pedestrian_crops/image (459)_6.jpg,1
data/pedestrian_crops/image (459)_7.jpg,1
data/pedestrian_crops/image (46)_0.jpg,1
data/pedestrian_crops/image (460)_0.jpg,1
data/pedestrian_crops/image (460)_1.jpg,1
data/pedestrian_crops/image (461)_0.jpg,1
data/pedestrian_crops/image (461)_1.jpg,1
data/pedestrian_crops/image (462)_0.jpg,1
data/pedestrian_crops/image (462)_1.jpg,1
data/pedestrian_crops/image (463)_0.jpg,1
data/pedestrian_crops/image (463)_1.jpg,1
data/pedestrian_crops/image (463)_2.jpg,1
data/pedestrian_crops/image (464)_0.jpg,1
data/pedestrian_crops/image (465)_0.jpg,1
data/pedestrian_crops/image (466)_0.jpg,1
data/pedestrian_crops/image (466)_1.jpg,1
data/pedestrian_crops/image (466)_2.jpg,1
data/pedestrian_crops/image (467)_0.jpg,1
data/pedestrian_crops/image (468)_0.jpg,1
data/pedestrian_crops/image (469)_0.jpg,1
data/pedestrian_crops/image (47)_0.jpg,1
data/pedestrian_crops/image (470)_0.jpg,1
data/pedestrian_crops/image (470)_1.jpg,1
data/pedestrian_crops/image (470)_2.jpg,1
data/pedestrian_crops/image (471)_0.jpg,1
data/pedestrian_crops/image (472)_0.jpg,1
data/pedestrian_crops/image (473)_0.jpg,1
data/pedestrian_crops/image (474)_0.jpg,1
data/pedestrian_crops/image (475)_0.jpg,1
data/pedestrian_crops/image (476)_0.jpg,1
data/pedestrian_crops/image (476)_1.jpg,1
data/pedestrian_crops/image (477)_0.jpg,1
data/pedestrian_crops/image (478)_0.jpg,1
data/pedestrian_crops/image (479)_0.jpg,1
data/pedestrian_crops/image (48)_0.jpg,1
data/pedestrian_crops/image (480)_0.jpg,1
data/pedestrian_crops/image (481)_0.jpg,1
data/pedestrian_crops/image (481)_1.jpg,1
data/pedestrian_crops/image (482)_0.jpg,1
data/pedestrian_crops/image (483)_0.jpg,1
data/pedestrian_crops/image (484)_0.jpg,1
data/pedestrian_crops/image (484)_1.jpg,1
data/pedestrian_crops/image (485)_0.jpg,1
data/pedestrian_crops/image (485)_1.jpg,1
data/pedestrian_crops/image (485)_2.jpg,1
data/pedestrian_crops/image (485)_3.jpg,1
data/pedestrian_crops/image (486)_0.jpg,1
data/pedestrian_crops/image (486)_1.jpg,1
data/pedestrian_crops/image (486)_2.jpg,1
data/pedestrian_crops/image (487)_0.jpg,1
data/pedestrian_crops/image (488)_0.jpg,1
data/pedestrian_crops/image (489)_0.jpg,1
data/pedestrian_crops/image (49)_0.jpg,1
data/pedestrian_crops/image (49)_1.jpg,1
data/pedestrian_crops/image (490)_0.jpg,1
data/pedestrian_crops/image (491)_0.jpg,1
data/pedestrian_crops/image (491)_1.jpg,1
data/pedestrian_crops/image (491)_2.jpg,1
data/pedestrian_crops/image (492)_0.jpg,1
data/pedestrian_crops/image (493)_0.jpg,1
data/pedestrian_crops/image (494)_0.jpg,1
data/pedestrian_crops/image (494)_1.jpg,1
data/pedestrian_crops/image (495)_0.jpg,1
data/pedestrian_crops/image (496)_0.jpg,1
data/pedestrian_crops/image (496)_1.jpg,1
data/pedestrian_crops/image (497)_0.jpg,1
data/pedestrian_crops/image (498)_0.jpg,1
data/pedestrian_crops/image (499)_0.jpg,1
data/pedestrian_crops/image (499)_1.jpg,1
data/pedestrian_crops/image (5)_0.jpg,1
data/pedestrian_crops/image (50)_0.jpg,1
data/pedestrian_crops/image (50)_1.jpg,1
data/pedestrian_crops/image (500)_0.jpg,1
data/pedestrian_crops/image (501)_0.jpg,1
data/pedestrian_crops/image (502)_0.jpg,1
data/pedestrian_crops/image (503)_0.jpg,1
data/pedestrian_crops/image (504)_0.jpg,1
data/pedestrian_crops/image (504)_1.jpg,1
data/pedestrian_crops/image (505)_0.jpg,1
data/pedestrian_crops/image (505)_1.jpg,1
data/pedestrian_crops/image (505)_2.jpg,1
data/pedestrian_crops/image (505)_3.jpg,1
data/pedestrian_crops/image (505)_4.jpg,1
data/pedestrian_crops/image (505)_5.jpg,1
data/pedestrian_crops/image (506)_0.jpg,1
data/pedestrian_crops/image (506)_1.jpg,1
data/pedestrian_crops/image (507)_0.jpg,1
data/pedestrian_crops/image (508)_0.jpg,1
data/pedestrian_crops/image (509)_0.jpg,1
data/pedestrian_crops/image (51)_0.jpg,1
data/pedestrian_crops/image (510)_0.jpg,1
data/pedestrian_crops/image (510)_1.jpg,1
data/pedestrian_crops/image (511)_0.jpg,1
data/pedestrian_crops/image (512)_0.jpg,1
data/pedestrian_crops/image (512)_1.jpg,1
data/pedestrian_crops/image (513)_0.jpg,1
data/pedestrian_crops/image (513)_1.jpg,1
data/pedestrian_crops/image (513)_2.jpg,1
data/pedestrian_crops/image (514)_0.jpg,1
data/pedestrian_crops/image (515)_0.jpg,1
data/pedestrian_crops/image (516)_0.jpg,1
data/pedestrian_crops/image (516)_1.jpg,1
data/pedestrian_crops/image (517)_0.jpg,1
data/pedestrian_crops/image (518)_0.jpg,1
data/pedestrian_crops/image (518)_1.jpg,1
data/pedestrian_crops/image (518)_2.jpg,1
data/pedestrian_crops/image (519)_0.jpg,1
data/pedestrian_crops/image (519)_1.jpg,1
data/pedestrian_crops/image (519)_2.jpg,1
data/pedestrian_crops/image (52)_0.jpg,1
data/pedestrian_crops/image (52)_1.jpg,1
data/pedestrian_crops/image (52)_2.jpg,1
data/pedestrian_crops/image (520)_0.jpg,1
data/pedestrian_crops/image (521)_0.jpg,1
data/pedestrian_crops/image (522)_0.jpg,1
data/pedestrian_crops/image (523)_0.jpg,1
data/pedestrian_crops/image (523)_1.jpg,1
data/pedestrian_crops/image (523)_2.jpg,1
data/pedestrian_crops/image (523)_3.jpg,1
data/pedestrian_crops/image (524)_0.jpg,1
data/pedestrian_crops/image (525)_0.jpg,1
data/pedestrian_crops/image (526)_0.jpg,1
data/pedestrian_crops/image (527)_0.jpg,0
data/pedestrian_crops/image (528)_0.jpg,0
data/pedestrian_crops/image (528)_1.jpg,0
data/pedestrian_crops/image (528)_2.jpg,0
data/pedestrian_crops/image (528)_3.jpg,0
data/pedestrian_crops/image (528)_4.jpg,0
data/pedestrian_crops/image (528)_5.jpg,0
data/pedestrian_crops/image (528)_6.jpg,0
data/pedestrian_crops/image (529)_0.jpg,0
data/pedestrian_crops/image (53)_0.jpg,1
data/pedestrian_crops/image (530)_0.jpg,0
data/pedestrian_crops/image (531)_0.jpg,0
data/pedestrian_crops/image (531)_1.jpg,0
data/pedestrian_crops/image (532)_0.jpg,0
data/pedestrian_crops/image (533)_0.jpg,0
data/pedestrian_crops/image (534)_0.jpg,0
data/pedestrian_crops/image (534)_1.jpg,0
data/pedestrian_crops/image (535)_0.jpg,0
data/pedestrian_crops/image (536)_0.jpg,0
data/pedestrian_crops/image (537)_0.jpg,0
data/pedestrian_crops/image (538)_0.jpg,0
data/pedestrian_crops/image (539)_0.jpg,0
data/pedestrian_crops/image (54)_0.jpg,1
data/pedestrian_crops/image (54)_1.jpg,1
data/pedestrian_crops/image (54)_2.jpg,1
data/pedestrian_crops/image (540)_0.jpg,0
data/pedestrian_crops/image (541)_0.jpg,0
data/pedestrian_crops/image (542)_0.jpg,0
data/pedestrian_crops/image (543)_0.jpg,0
data/pedestrian_crops/image (543)_1.jpg,0
data/pedestrian_crops/image (543)_2.jpg,1
data/pedestrian_crops/image (544)_0.jpg,0
data/pedestrian_crops/image (545)_0.jpg,0
data/pedestrian_crops/image (546)_0.jpg,0
data/pedestrian_crops/image (546)_1.jpg,1
data/pedestrian_crops/image (546)_2.jpg,1
data/pedestrian_crops/image (546)_3.jpg,1
data/pedestrian_crops/image (547)_0.jpg,0
data/pedestrian_crops/image (548)_0.jpg,0
data/pedestrian_crops/image (548)_1.jpg,0
data/pedestrian_crops/image (548)_2.jpg,0
data/pedestrian_crops/image (548)_3.jpg,0
data/pedestrian_crops/image (548)_4.jpg,0
data/pedestrian_crops/image (548)_5.jpg,0
data/pedestrian_crops/image (548)_6.jpg,0
data/pedestrian_crops/image (548)_7.jpg,0
data/pedestrian_crops/image (549)_0.jpg,0
data/pedestrian_crops/image (55)_0.jpg,1
data/pedestrian_crops/image (550)_0.jpg,0
data/pedestrian_crops/image (550)_1.jpg,0
data/pedestrian_crops/image (550)_2.jpg,0
data/pedestrian_crops/image (550)_3.jpg,0
data/pedestrian_crops/image (550)_4.jpg,0
data/pedestrian_crops/image (551)_0.jpg,0
data/pedestrian_crops/image (551)_1.jpg,0
data/pedestrian_crops/image (551)_2.jpg,0
data/pedestrian_crops/image (551)_3.jpg,0
data/pedestrian_crops/image (551)_4.jpg,0
data/pedestrian_crops/image (551)_5.jpg,0
data/pedestrian_crops/image (551)_6.jpg,0
data/pedestrian_crops/image (552)_0.jpg,0
data/pedestrian_crops/image (552)_1.jpg,1
data/pedestrian_crops/image (552)_2.jpg,1
data/pedestrian_crops/image (553)_0.jpg,0
data/pedestrian_crops/image (554)_0.jpg,0
data/pedestrian_crops/image (555)_0.jpg,0
data/pedestrian_crops/image (555)_1.jpg,0
data/pedestrian_crops/image (556)_0.jpg,0
data/pedestrian_crops/image (557)_0.jpg,0
data/pedestrian_crops/image (558)_0.jpg,0
data/pedestrian_crops/image (559)_0.jpg,0
data/pedestrian_crops/image (56)_0.jpg,1
data/pedestrian_crops/image (560)_0.jpg,0
data/pedestrian_crops/image (561)_0.jpg,0
data/pedestrian_crops/image (561)_1.jpg,0
data/pedestrian_crops/image (561)_2.jpg,0
data/pedestrian_crops/image (562)_0.jpg,0
data/pedestrian_crops/image (563)_0.jpg,0
data/pedestrian_crops/image (564)_0.jpg,0
data/pedestrian_crops/image (564)_1.jpg,0
data/pedestrian_crops/image (565)_0.jpg,0
data/pedestrian_crops/image (566)_0.jpg,0
data/pedestrian_crops/image (567)_0.jpg,0
data/pedestrian_crops/image (567)_1.jpg,0
data/pedestrian_crops/image (568)_0.jpg,0
data/pedestrian_crops/image (569)_0.jpg,0
data/pedestrian_crops/image (569)_1.jpg,0
data/pedestrian_crops/image (57)_0.jpg,1
data/pedestrian_crops/image (570)_0.jpg,0
data/pedestrian_crops/image (570)_1.jpg,0
data/pedestrian_crops/image (570)_2.jpg,0
data/pedestrian_crops/image (570)_3.jpg,0
data/pedestrian_crops/image (570)_4.jpg,0
data/pedestrian_crops/image (570)_5.jpg,1
data/pedestrian_crops/image (571)_0.jpg,0
data/pedestrian_crops/image (572)_0.jpg,0
data/pedestrian_crops/image (573)_0.jpg,0
data/pedestrian_crops/image (573)_1.jpg,0
data/pedestrian_crops/image (573)_2.jpg,0
data/pedestrian_crops/image (573)_3.jpg,0
data/pedestrian_crops/image (573)_4.jpg,0
data/pedestrian_crops/image (573)_5.jpg,0
data/pedestrian_crops/image (573)_6.jpg,0
data/pedestrian_crops/image (573)_7.jpg,0
data/pedestrian_crops/image (573)_8.jpg,0
data/pedestrian_crops/image (574)_0.jpg,0
data/pedestrian_crops/image (575)_0.jpg,0
data/pedestrian_crops/image (575)_1.jpg,1
data/pedestrian_crops/image (575)_2.jpg,1
data/pedestrian_crops/image (575)_3.jpg,1
data/pedestrian_crops/image (576)_0.jpg,0
data/pedestrian_crops/image (576)_1.jpg,0
data/pedestrian_crops/image (577)_0.jpg,0
data/pedestrian_crops/image (578)_0.jpg,0
data/pedestrian_crops/image (579)_0.jpg,0
data/pedestrian_crops/image (579)_1.jpg,0
data/pedestrian_crops/image (579)_2.jpg,0
data/pedestrian_crops/image (579)_3.jpg,0
data/pedestrian_crops/image (58)_0.jpg,1
data/pedestrian_crops/image (580)_0.jpg,0
data/pedestrian_crops/image (580)_1.jpg,0
data/pedestrian_crops/image (580)_2.jpg,0
data/pedestrian_crops/image (581)_0.jpg,0
data/pedestrian_crops/image (582)_0.jpg,0
data/pedestrian_crops/image (582)_1.jpg,0
data/pedestrian_crops/image (583)_0.jpg,0
data/pedestrian_crops/image (583)_1.jpg,0
data/pedestrian_crops/image (583)_2.jpg,0
data/pedestrian_crops/image (584)_0.jpg,0
data/pedestrian_crops/image (584)_1.jpg,0
data/pedestrian_crops/image (584)_2.jpg,1
data/pedestrian_crops/image (585)_0.jpg,0
data/pedestrian_crops/image (586)_0.jpg,0
data/pedestrian_crops/image (586)_1.jpg,0
data/pedestrian_crops/image (586)_2.jpg,0
data/pedestrian_crops/image (587)_0.jpg,0
data/pedestrian_crops/image (587)_1.jpg,0
data/pedestrian_crops/image (588)_0.jpg,0
data/pedestrian_crops/image (588)_1.jpg,0
data/pedestrian_crops/image (588)_2.jpg,0
data/pedestrian_crops/image (589)_0.jpg,0
data/pedestrian_crops/image (589)_1.jpg,0
data/pedestrian_crops/image (589)_2.jpg,0
data/pedestrian_crops/image (589)_3.jpg,0
data/pedestrian_crops/image (589)_4.jpg,0
data/pedestrian_crops/image (59)_0.jpg,1
data/pedestrian_crops/image (590)_0.jpg,0
data/pedestrian_crops/image (590)_1.jpg,0
data/pedestrian_crops/image (590)_2.jpg,0
data/pedestrian_crops/image (590)_3.jpg,0
data/pedestrian_crops/image (591)_0.jpg,0
data/pedestrian_crops/image (592)_0.jpg,0
data/pedestrian_crops/image (592)_1.jpg,0
data/pedestrian_crops/image (592)_2.jpg,0
data/pedestrian_crops/image (592)_3.jpg,0
data/pedestrian_crops/image (592)_4.jpg,0
data/pedestrian_crops/image (592)_5.jpg,0
data/pedestrian_crops/image (592)_6.jpg,0
data/pedestrian_crops/image (592)_7.jpg,0
data/pedestrian_crops/image (593)_0.jpg,0
data/pedestrian_crops/image (593)_1.jpg,0
data/pedestrian_crops/image (593)_2.jpg,0
data/pedestrian_crops/image (594)_0.jpg,0
data/pedestrian_crops/image (595)_0.jpg,0
data/pedestrian_crops/image (595)_1.jpg,0
data/pedestrian_crops/image (595)_2.jpg,0
data/pedestrian_crops/image (595)_3.jpg,0
data/pedestrian_crops/image (596)_0.jpg,0
data/pedestrian_crops/image (596)_1.jpg,0
data/pedestrian_crops/image (596)_2.jpg,0
data/pedestrian_crops/image (597)_0.jpg,0
data/pedestrian_crops/image (597)_1.jpg,0
data/pedestrian_crops/image (597)_2.jpg,0
data/pedestrian_crops/image (597)_3.jpg,0
data/pedestrian_crops/image (597)_4.jpg,0
data/pedestrian_crops/image (598)_0.jpg,0
data/pedestrian_crops/image (598)_1.jpg,0
data/pedestrian_crops/image (599)_0.jpg,0
data/pedestrian_crops/image (599)_1.jpg,0
data/pedestrian_crops/image (599)_2.jpg,0
data/pedestrian_crops/image (599)_3.jpg,0
data/pedestrian_crops/image (6)_0.jpg,1
data/pedestrian_crops/image (6)_1.jpg,1
data/pedestrian_crops/image (60)_0.jpg,1
data/pedestrian_crops/image (60)_1.jpg,1
data/pedestrian_crops/image (600)_0.jpg,0
data/pedestrian_crops/image (600)_1.jpg,0
data/pedestrian_crops/image (600)_2.jpg,0
data/pedestrian_crops/image (600)_3.jpg,0
data/pedestrian_crops/image (601)_0.jpg,0
data/pedestrian_crops/image (601)_1.jpg,0
data/pedestrian_crops/image (601)_2.jpg,0
data/pedestrian_crops/image (601)_3.jpg,0
data/pedestrian_crops/image (601)_4.jpg,0
data/pedestrian_crops/image (601)_5.jpg,1
data/pedestrian_crops/image (602)_0.jpg,0
data/pedestrian_crops/image (602)_1.jpg,0
data/pedestrian_crops/image (602)_2.jpg,0
data/pedestrian_crops/image (603)_0.jpg,0
data/pedestrian_crops/image (603)_1.jpg,0
data/pedestrian_crops/image (603)_2.jpg,0
data/pedestrian_crops/image (603)_3.jpg,0
data/pedestrian_crops/image (603)_4.jpg,0
data/pedestrian_crops/image (604)_0.jpg,0
data/pedestrian_crops/image (604)_1.jpg,0
data/pedestrian_crops/image (605)_0.jpg,0
data/pedestrian_crops/image (606)_0.jpg,0
data/pedestrian_crops/image (606)_1.jpg,0
data/pedestrian_crops/image (607)_0.jpg,0
data/pedestrian_crops/image (607)_1.jpg,0
data/pedestrian_crops/image (607)_2.jpg,0
data/pedestrian_crops/image (607)_3.jpg,0
data/pedestrian_crops/image (607)_4.jpg,0
data/pedestrian_crops/image (607)_5.jpg,0
data/pedestrian_crops/image (607)_6.jpg,0
data/pedestrian_crops/image (607)_7.jpg,0
data/pedestrian_crops/image (608)_0.jpg,0
data/pedestrian_crops/image (608)_1.jpg,0
data/pedestrian_crops/image (608)_2.jpg,0
data/pedestrian_crops/image (608)_3.jpg,0
data/pedestrian_crops/image (608)_4.jpg,0
data/pedestrian_crops/image (608)_5.jpg,0
data/pedestrian_crops/image (608)_6.jpg,0
data/pedestrian_crops/image (608)_7.jpg,0
data/pedestrian_crops/image (608)_8.jpg,0
data/pedestrian_crops/image (608)_9.jpg,0
data/pedestrian_crops/image (608)_10.jpg,0
data/pedestrian_crops/image (608)_11.jpg,0
data/pedestrian_crops/image (608)_12.jpg,0
data/pedestrian_crops/image (608)_13.jpg,0
data/pedestrian_crops/image (608)_14.jpg,0
data/pedestrian_crops/image (608)_15.jpg,0
data/pedestrian_crops/image (608)_16.jpg,0
data/pedestrian_crops/image (608)_17.jpg,0
data/pedestrian_crops/image (608)_18.jpg,0
data/pedestrian_crops/image (609)_0.jpg,0
data/pedestrian_crops/image (609)_1.jpg,0
data/pedestrian_crops/image (609)_2.jpg,0
data/pedestrian_crops/image (609)_3.jpg,0
data/pedestrian_crops/image (609)_4.jpg,0
data/pedestrian_crops/image (609)_5.jpg,0
data/pedestrian_crops/image (609)_6.jpg,0
data/pedestrian_crops/image (61)_0.jpg,1
data/pedestrian_crops/image (610)_0.jpg,0
data/pedestrian_crops/image (610)_1.jpg,0
data/pedestrian_crops/image (611)_0.jpg,0
data/pedestrian_crops/image (612)_0.jpg,0
data/pedestrian_crops/image (612)_1.jpg,0
data/pedestrian_crops/image (612)_2.jpg,0
data/pedestrian_crops/image (612)_3.jpg,0
data/pedestrian_crops/image (613)_0.jpg,0
data/pedestrian_crops/image (613)_1.jpg,0
data/pedestrian_crops/image (613)_2.jpg,0
data/pedestrian_crops/image (613)_3.jpg,0
data/pedestrian_crops/image (614)_0.jpg,0
data/pedestrian_crops/image (614)_1.jpg,0
data/pedestrian_crops/image (615)_0.jpg,0
data/pedestrian_crops/image (615)_1.jpg,0
data/pedestrian_crops/image (615)_2.jpg,0
data/pedestrian_crops/image (615)_3.jpg,0
data/pedestrian_crops/image (615)_4.jpg,0
data/pedestrian_crops/image (615)_5.jpg,0
data/pedestrian_crops/image (615)_6.jpg,0
data/pedestrian_crops/image (616)_0.jpg,0
data/pedestrian_crops/image (616)_1.jpg,0
data/pedestrian_crops/image (616)_2.jpg,0
data/pedestrian_crops/image (616)_3.jpg,0
data/pedestrian_crops/image (616)_4.jpg,0
data/pedestrian_crops/image (616)_5.jpg,0
data/pedestrian_crops/image (616)_6.jpg,0
data/pedestrian_crops/image (617)_0.jpg,0
data/pedestrian_crops/image (618)_0.jpg,0
data/pedestrian_crops/image (618)_1.jpg,0
data/pedestrian_crops/image (618)_2.jpg,0
data/pedestrian_crops/image (618)_3.jpg,0
data/pedestrian_crops/image (618)_4.jpg,0
data/pedestrian_crops/image (618)_5.jpg,0
data/pedestrian_crops/image (618)_6.jpg,0
data/pedestrian_crops/image (619)_0.jpg,0
data/pedestrian_crops/image (619)_1.jpg,0
data/pedestrian_crops/image (619)_2.jpg,0
data/pedestrian_crops/image (619)_3.jpg,0
data/pedestrian_crops/image (62)_0.jpg,1
data/pedestrian_crops/image (62)_1.jpg,1
data/pedestrian_crops/image (62)_2.jpg,1
data/pedestrian_crops/image (62)_3.jpg,1
data/pedestrian_crops/image (62)_4.jpg,1
data/pedestrian_crops/image (620)_0.jpg,0
data/pedestrian_crops/image (620)_1.jpg,0
data/pedestrian_crops/image (620)_2.jpg,0
data/pedestrian_crops/image (620)_3.jpg,0
data/pedestrian_crops/image (620)_4.jpg,0
data/pedestrian_crops/image (620)_5.jpg,0
data/pedestrian_crops/image (620)_6.jpg,0
data/pedestrian_crops/image (621)_0.jpg,0
data/pedestrian_crops/image (621)_1.jpg,0
data/pedestrian_crops/image (621)_2.jpg,0
data/pedestrian_crops/image (621)_3.jpg,0
data/pedestrian_crops/image (621)_4.jpg,0
data/pedestrian_crops/image (621)_5.jpg,0
data/pedestrian_crops/image (622)_0.jpg,0
data/pedestrian_crops/image (622)_1.jpg,0
data/pedestrian_crops/image (622)_2.jpg,0
data/pedestrian_crops/image (622)_3.jpg,0
data/pedestrian_crops/image (622)_4.jpg,0
data/pedestrian_crops/image (623)_0.jpg,0
data/pedestrian_crops/image (623)_1.jpg,0
data/pedestrian_crops/image (623)_2.jpg,0
data/pedestrian_crops/image (623)_3.jpg,0
data/pedestrian_crops/image (623)_4.jpg,0
data/pedestrian_crops/image (623)_5.jpg,0
data/pedestrian_crops/image (624)_0.jpg,0
data/pedestrian_crops/image (624)_1.jpg,0
data/pedestrian_crops/image (624)_2.jpg,0
data/pedestrian_crops/image (624)_3.jpg,0
data/pedestrian_crops/image (624)_4.jpg,0
data/pedestrian_crops/image (625)_0.jpg,0
data/pedestrian_crops/image (625)_1.jpg,0
data/pedestrian_crops/image (625)_2.jpg,0
data/pedestrian_crops/image (626)_0.jpg,0
data/pedestrian_crops/image (626)_1.jpg,0
data/pedestrian_crops/image (626)_2.jpg,0
data/pedestrian_crops/image (626)_3.jpg,0
data/pedestrian_crops/image (627)_0.jpg,0
data/pedestrian_crops/image (628)_0.jpg,0
data/pedestrian_crops/image (629)_0.jpg,0
data/pedestrian_crops/image (63)_0.jpg,1
data/pedestrian_crops/image (630)_0.jpg,0
data/pedestrian_crops/image (630)_1.jpg,0
data/pedestrian_crops/image (630)_2.jpg,0
data/pedestrian_crops/image (631)_0.jpg,0
data/pedestrian_crops/image (631)_1.jpg,0
data/pedestrian_crops/image (632)_0.jpg,0
data/pedestrian_crops/image (632)_1.jpg,0
data/pedestrian_crops/image (632)_2.jpg,0
data/pedestrian_crops/image (633)_0.jpg,0
data/pedestrian_crops/image (633)_1.jpg,0
data/pedestrian_crops/image (633)_2.jpg,0
data/pedestrian_crops/image (633)_3.jpg,0
data/pedestrian_crops/image (634)_0.jpg,0
data/pedestrian_crops/image (634)_1.jpg,0
data/pedestrian_crops/image (634)_2.jpg,0
data/pedestrian_crops/image (635)_0.jpg,0
data/pedestrian_crops/image (635)_1.jpg,0
data/pedestrian_crops/image (635)_2.jpg,0
data/pedestrian_crops/image (636)_0.jpg,0
data/pedestrian_crops/image (636)_1.jpg,0
data/pedestrian_crops/image (636)_2.jpg,0
data/pedestrian_crops/image (636)_3.jpg,0
data/pedestrian_crops/image (637)_0.jpg,0
data/pedestrian_crops/image (637)_1.jpg,0
data/pedestrian_crops/image (638)_0.jpg,0
data/pedestrian_crops/image (638)_1.jpg,0
data/pedestrian_crops/image (638)_2.jpg,0
data/pedestrian_crops/image (638)_3.jpg,0
data/pedestrian_crops/image (638)_4.jpg,0
data/pedestrian_crops/image (638)_5.jpg,0
data/pedestrian_crops/image (638)_6.jpg,0
data/pedestrian_crops/image (638)_7.jpg,0
data/pedestrian_crops/image (638)_8.jpg,0
data/pedestrian_crops/image (638)_9.jpg,1
data/pedestrian_crops/image (639)_0.jpg,0
data/pedestrian_crops/image (639)_1.jpg,0
data/pedestrian_crops/image (639)_2.jpg,0
data/pedestrian_crops/image (639)_3.jpg,0
data/pedestrian_crops/image (639)_4.jpg,0
data/pedestrian_crops/image (639)_5.jpg,0
data/pedestrian_crops/image (64)_0.jpg,1
data/pedestrian_crops/image (640)_0.jpg,0
data/pedestrian_crops/image (640)_1.jpg,0
data/pedestrian_crops/image (640)_2.jpg,0
data/pedestrian_crops/image (640)_3.jpg,0
data/pedestrian_crops/image (641)_0.jpg,0
data/pedestrian_crops/image (641)_1.jpg,0
data/pedestrian_crops/image (641)_2.jpg,0
data/pedestrian_crops/image (641)_3.jpg,0
data/pedestrian_crops/image (641)_4.jpg,0
data/pedestrian_crops/image (642)_0.jpg,0
data/pedestrian_crops/image (642)_1.jpg,0
data/pedestrian_crops/image (642)_2.jpg,0
data/pedestrian_crops/image (642)_3.jpg,0
data/pedestrian_crops/image (643)_0.jpg,0
data/pedestrian_crops/image (643)_1.jpg,0
data/pedestrian_crops/image (643)_2.jpg,0
data/pedestrian_crops/image (643)_3.jpg,0
data/pedestrian_crops/image (643)_4.jpg,0
data/pedestrian_crops/image (644)_0.jpg,0
data/pedestrian_crops/image (644)_1.jpg,0
data/pedestrian_crops/image (644)_2.jpg,0
data/pedestrian_crops/image (645)_0.jpg,0
data/pedestrian_crops/image (645)_1.jpg,0
data/pedestrian_crops/image (645)_2.jpg,0
data/pedestrian_crops/image (646)_0.jpg,0
data/pedestrian_crops/image (646)_1.jpg,0
data/pedestrian_crops/image (646)_2.jpg,0
data/pedestrian_crops/image (646)_3.jpg,0
data/pedestrian_crops/image (647)_0.jpg,0
data/pedestrian_crops/image (647)_1.jpg,0
data/pedestrian_crops/image (647)_2.jpg,0
data/pedestrian_crops/image (648)_0.jpg,0
data/pedestrian_crops/image (648)_1.jpg,0
data/pedestrian_crops/image (648)_2.jpg,0
data/pedestrian_crops/image (648)_3.jpg,0
data/pedestrian_crops/image (648)_4.jpg,0
data/pedestrian_crops/image (649)_0.jpg,0
data/pedestrian_crops/image (649)_1.jpg,0
data/pedestrian_crops/image (649)_2.jpg,0
data/pedestrian_crops/image (649)_3.jpg,0
data/pedestrian_crops/image (649)_4.jpg,0
data/pedestrian_crops/image (649)_5.jpg,0
data/pedestrian_crops/image (649)_6.jpg,0
data/pedestrian_crops/image (649)_7.jpg,0
data/pedestrian_crops/image (65)_0.jpg,1
data/pedestrian_crops/image (650)_0.jpg,0
data/pedestrian_crops/image (650)_1.jpg,0
data/pedestrian_crops/image (650)_2.jpg,0
data/pedestrian_crops/image (651)_0.jpg,0
data/pedestrian_crops/image (651)_1.jpg,0
data/pedestrian_crops/image (651)_2.jpg,0
data/pedestrian_crops/image (652)_0.jpg,0
data/pedestrian_crops/image (652)_1.jpg,0
data/pedestrian_crops/image (652)_2.jpg,0
data/pedestrian_crops/image (653)_0.jpg,0
data/pedestrian_crops/image (653)_1.jpg,0
data/pedestrian_crops/image (653)_2.jpg,0
data/pedestrian_crops/image (653)_3.jpg,0
data/pedestrian_crops/image (654)_0.jpg,0
data/pedestrian_crops/image (654)_1.jpg,0
data/pedestrian_crops/image (654)_2.jpg,0
data/pedestrian_crops/image (654)_3.jpg,0
data/pedestrian_crops/image (654)_4.jpg,0
data/pedestrian_crops/image (655)_0.jpg,0
data/pedestrian_crops/image (655)_1.jpg,0
data/pedestrian_crops/image (655)_2.jpg,0
data/pedestrian_crops/image (655)_3.jpg,0
data/pedestrian_crops/image (655)_4.jpg,0
data/pedestrian_crops/image (656)_0.jpg,0
data/pedestrian_crops/image (656)_1.jpg,0
data/pedestrian_crops/image (656)_2.jpg,0
data/pedestrian_crops/image (656)_3.jpg,0
data/pedestrian_crops/image (657)_0.jpg,0
data/pedestrian_crops/image (657)_1.jpg,0
data/pedestrian_crops/image (657)_2.jpg,0
data/pedestrian_crops/image (657)_3.jpg,0
data/pedestrian_crops/image (657)_4.jpg,0
data/pedestrian_crops/image (658)_0.jpg,0
data/pedestrian_crops/image (658)_1.jpg,0
data/pedestrian_crops/image (659)_0.jpg,0
data/pedestrian_crops/image (659)_1.jpg,0
data/pedestrian_crops/image (659)_2.jpg,0
data/pedestrian_crops/image (66)_0.jpg,1
data/pedestrian_crops/image (66)_1.jpg,1
data/pedestrian_crops/image (660)_0.jpg,0
data/pedestrian_crops/image (661)_0.jpg,0
data/pedestrian_crops/image (661)_1.jpg,0
data/pedestrian_crops/image (661)_2.jpg,0
data/pedestrian_crops/image (661)_3.jpg,0
data/pedestrian_crops/image (661)_4.jpg,0
data/pedestrian_crops/image (661)_5.jpg,0
data/pedestrian_crops/image (662)_0.jpg,0
data/pedestrian_crops/image (663)_0.jpg,0
data/pedestrian_crops/image (664)_0.jpg,0
data/pedestrian_crops/image (665)_0.jpg,0
data/pedestrian_crops/image (666)_0.jpg,0
data/pedestrian_crops/image (667)_0.jpg,0
data/pedestrian_crops/image (668)_0.jpg,0
data/pedestrian_crops/image (669)_0.jpg,0
data/pedestrian_crops/image (669)_1.jpg,0
data/pedestrian_crops/image (669)_2.jpg,0
data/pedestrian_crops/image (67)_0.jpg,1
data/pedestrian_crops/image (670)_0.jpg,0
data/pedestrian_crops/image (670)_1.jpg,0
data/pedestrian_crops/image (670)_2.jpg,0
data/pedestrian_crops/image (670)_3.jpg,0
data/pedestrian_crops/image (671)_0.jpg,0
data/pedestrian_crops/image (672)_0.jpg,0
data/pedestrian_crops/image (672)_1.jpg,0
data/pedestrian_crops/image (673)_0.jpg,0
data/pedestrian_crops/image (674)_0.jpg,0
data/pedestrian_crops/image (675)_0.jpg,0
data/pedestrian_crops/image (676)_0.jpg,0
data/pedestrian_crops/image (676)_1.jpg,0
data/pedestrian_crops/image (676)_2.jpg,0
data/pedestrian_crops/image (677)_0.jpg,0
data/pedestrian_crops/image (678)_0.jpg,0
data/pedestrian_crops/image (678)_1.jpg,1
data/pedestrian_crops/image (679)_0.jpg,0
data/pedestrian_crops/image (68)_0.jpg,1
data/pedestrian_crops/image (68)_1.jpg,1
data/pedestrian_crops/image (680)_0.jpg,0
data/pedestrian_crops/image (680)_1.jpg,1
data/pedestrian_crops/image (681)_0.jpg,0
data/pedestrian_crops/image (682)_0.jpg,0
data/pedestrian_crops/image (683)_0.jpg,0
data/pedestrian_crops/image (684)_0.jpg,0
data/pedestrian_crops/image (685)_0.jpg,0
data/pedestrian_crops/image (686)_0.jpg,0
data/pedestrian_crops/image (687)_0.jpg,0
data/pedestrian_crops/image (687)_1.jpg,0
data/pedestrian_crops/image (687)_2.jpg,0
data/pedestrian_crops/image (687)_3.jpg,0
data/pedestrian_crops/image (688)_0.jpg,0
data/pedestrian_crops/image (689)_0.jpg,0
data/pedestrian_crops/image (689)_1.jpg,0
data/pedestrian_crops/image (689)_2.jpg,0
data/pedestrian_crops/image (689)_3.jpg,1
data/pedestrian_crops/image (69)_0.jpg,1
data/pedestrian_crops/image (690)_0.jpg,0
data/pedestrian_crops/image (690)_1.jpg,0
data/pedestrian_crops/image (691)_0.jpg,0
data/pedestrian_crops/image (691)_1.jpg,0
data/pedestrian_crops/image (691)_2.jpg,0
data/pedestrian_crops/image (692)_0.jpg,0
data/pedestrian_crops/image (693)_0.jpg,0
data/pedestrian_crops/image (694)_0.jpg,0
data/pedestrian_crops/image (695)_0.jpg,0
data/pedestrian_crops/image (695)_1.jpg,0
data/pedestrian_crops/image (696)_0.jpg,0
data/pedestrian_crops/image (696)_1.jpg,1
data/pedestrian_crops/image (697)_0.jpg,0
data/pedestrian_crops/image (698)_0.jpg,0
data/pedestrian_crops/image (699)_0.jpg,0
data/pedestrian_crops/image (7)_0.jpg,1
data/pedestrian_crops/image (7)_1.jpg,1
data/pedestrian_crops/image (70)_0.jpg,1
data/pedestrian_crops/image (70)_1.jpg,1
data/pedestrian_crops/image (70)_2.jpg,1
data/pedestrian_crops/image (70)_3.jpg,1
data/pedestrian_crops/image (70)_4.jpg,1
data/pedestrian_crops/image (700)_0.jpg,0
data/pedestrian_crops/image (701)_0.jpg,0
data/pedestrian_crops/image (702)_0.jpg,0
data/pedestrian_crops/image (703)_0.jpg,0
data/pedestrian_crops/image (704)_0.jpg,0
data/pedestrian_crops/image (704)_1.jpg,0
data/pedestrian_crops/image (704)_2.jpg,0
data/pedestrian_crops/image (704)_3.jpg,1
data/pedestrian_crops/image (705)_0.jpg,0
data/pedestrian_crops/image (706)_0.jpg,0
data/pedestrian_crops/image (706)_1.jpg,0
data/pedestrian_crops/image (706)_2.jpg,0
data/pedestrian_crops/image (706)_3.jpg,1
data/pedestrian_crops/image (706)_4.jpg,0
data/pedestrian_crops/image (707)_0.jpg,0
data/pedestrian_crops/image (708)_0.jpg,0
data/pedestrian_crops/image (709)_0.jpg,0
data/pedestrian_crops/image (71)_0.jpg,1
data/pedestrian_crops/image (71)_1.jpg,1
data/pedestrian_crops/image (710)_0.jpg,0
data/pedestrian_crops/image (711)_0.jpg,0
data/pedestrian_crops/image (712)_0.jpg,0
data/pedestrian_crops/image (713)_0.jpg,0
data/pedestrian_crops/image (713)_1.jpg,0
data/pedestrian_crops/image (713)_2.jpg,0
data/pedestrian_crops/image (714)_0.jpg,0
data/pedestrian_crops/image (714)_1.jpg,0
data/pedestrian_crops/image (715)_0.jpg,0
data/pedestrian_crops/image (715)_1.jpg,0
data/pedestrian_crops/image (715)_2.jpg,0
data/pedestrian_crops/image (715)_3.jpg,0
data/pedestrian_crops/image (716)_0.jpg,0
data/pedestrian_crops/image (716)_1.jpg,0
data/pedestrian_crops/image (717)_0.jpg,0
data/pedestrian_crops/image (718)_0.jpg,0
data/pedestrian_crops/image (719)_0.jpg,0
data/pedestrian_crops/image (72)_0.jpg,1
data/pedestrian_crops/image (720)_0.jpg,0
data/pedestrian_crops/image (721)_0.jpg,0
data/pedestrian_crops/image (722)_0.jpg,0
data/pedestrian_crops/image (723)_0.jpg,0
data/pedestrian_crops/image (724)_0.jpg,0
data/pedestrian_crops/image (725)_0.jpg,0
data/pedestrian_crops/image (725)_1.jpg,0
data/pedestrian_crops/image (725)_2.jpg,0
data/pedestrian_crops/image (725)_3.jpg,0
data/pedestrian_crops/image (725)_4.jpg,0
data/pedestrian_crops/image (726)_0.jpg,0
data/pedestrian_crops/image (726)_1.jpg,0
data/pedestrian_crops/image (727)_0.jpg,0
data/pedestrian_crops/image (728)_0.jpg,0
data/pedestrian_crops/image (728)_1.jpg,0
data/pedestrian_crops/image (729)_0.jpg,0
data/pedestrian_crops/image (73)_0.jpg,1
data/pedestrian_crops/image (73)_1.jpg,1
data/pedestrian_crops/image (730)_0.jpg,0
data/pedestrian_crops/image (730)_1.jpg,0
data/pedestrian_crops/image (730)_2.jpg,0
data/pedestrian_crops/image (730)_3.jpg,0
data/pedestrian_crops/image (731)_0.jpg,0
data/pedestrian_crops/image (732)_0.jpg,0
data/pedestrian_crops/image (733)_0.jpg,0
data/pedestrian_crops/image (734)_0.jpg,0
data/pedestrian_crops/image (735)_0.jpg,0
data/pedestrian_crops/image (736)_0.jpg,0
data/pedestrian_crops/image (736)_1.jpg,0
data/pedestrian_crops/image (736)_2.jpg,0
data/pedestrian_crops/image (736)_3.jpg,0
data/pedestrian_crops/image (736)_4.jpg,0
data/pedestrian_crops/image (737)_0.jpg,0
data/pedestrian_crops/image (738)_0.jpg,0
data/pedestrian_crops/image (739)_0.jpg,0
data/pedestrian_crops/image (74)_0.jpg,1
data/pedestrian_crops/image (740)_0.jpg,0
data/pedestrian_crops/image (741)_0.jpg,0
data/pedestrian_crops/image (742)_0.jpg,0
data/pedestrian_crops/image (743)_0.jpg,0
data/pedestrian_crops/image (743)_1.jpg,0
data/pedestrian_crops/image (743)_2.jpg,0
data/pedestrian_crops/image (743)_3.jpg,0
data/pedestrian_crops/image (743)_4.jpg,0
data/pedestrian_crops/image (743)_5.jpg,0
data/pedestrian_crops/image (744)_0.jpg,0
data/pedestrian_crops/image (744)_1.jpg,0
data/pedestrian_crops/image (744)_2.jpg,0
data/pedestrian_crops/image (744)_3.jpg,0
data/pedestrian_crops/image (744)_4.jpg,0
data/pedestrian_crops/image (744)_5.jpg,1
data/pedestrian_crops/image (744)_6.jpg,1
data/pedestrian_crops/image (744)_7.jpg,1
data/pedestrian_crops/image (744)_8.jpg,1
data/pedestrian_crops/image (745)_0.jpg,0
data/pedestrian_crops/image (745)_1.jpg,0
data/pedestrian_crops/image (745)_2.jpg,1
data/pedestrian_crops/image (746)_0.jpg,0
data/pedestrian_crops/image (747)_0.jpg,0
data/pedestrian_crops/image (748)_0.jpg,1
data/pedestrian_crops/image (748)_1.jpg,0
data/pedestrian_crops/image (749)_0.jpg,0
data/pedestrian_crops/image (749)_1.jpg,1
data/pedestrian_crops/image (749)_2.jpg,1
data/pedestrian_crops/image (749)_3.jpg,1
data/pedestrian_crops/image (75)_0.jpg,1
data/pedestrian_crops/image (750)_0.jpg,1
data/pedestrian_crops/image (751)_0.jpg,0
data/pedestrian_crops/image (751)_1.jpg,1
data/pedestrian_crops/image (751)_2.jpg,1
data/pedestrian_crops/image (751)_3.jpg,1
data/pedestrian_crops/image (751)_4.jpg,1
data/pedestrian_crops/image (751)_5.jpg,1
data/pedestrian_crops/image (751)_6.jpg,1
data/pedestrian_crops/image (751)_7.jpg,1
data/pedestrian_crops/image (752)_0.jpg,1
data/pedestrian_crops/image (752)_1.jpg,1
data/pedestrian_crops/image (753)_0.jpg,0
data/pedestrian_crops/image (753)_1.jpg,0
data/pedestrian_crops/image (754)_0.jpg,0
data/pedestrian_crops/image (754)_1.jpg,1
data/pedestrian_crops/image (754)_2.jpg,0
data/pedestrian_crops/image (755)_0.jpg,0
data/pedestrian_crops/image (756)_0.jpg,0
data/pedestrian_crops/image (757)_0.jpg,0
data/pedestrian_crops/image (758)_0.jpg,0
data/pedestrian_crops/image (758)_1.jpg,1
data/pedestrian_crops/image (758)_2.jpg,1
data/pedestrian_crops/image (758)_3.jpg,1
data/pedestrian_crops/image (758)_4.jpg,1
data/pedestrian_crops/image (758)_5.jpg,1
data/pedestrian_crops/image (758)_6.jpg,1
data/pedestrian_crops/image (758)_7.jpg,1
data/pedestrian_crops/image (758)_8.jpg,1
data/pedestrian_crops/image (758)_9.jpg,1
data/pedestrian_crops/image (758)_10.jpg,1
data/pedestrian_crops/image (759)_0.jpg,1
data/pedestrian_crops/image (759)_1.jpg,0
data/pedestrian_crops/image (76)_0.jpg,1
data/pedestrian_crops/image (760)_0.jpg,0
data/pedestrian_crops/image (761)_0.jpg,0
data/pedestrian_crops/image (761)_1.jpg,0
data/pedestrian_crops/image (761)_2.jpg,0
data/pedestrian_crops/image (762)_0.jpg,0
data/pedestrian_crops/image (762)_1.jpg,0
data/pedestrian_crops/image (762)_2.jpg,1
data/pedestrian_crops/image (763)_0.jpg,0
data/pedestrian_crops/image (764)_0.jpg,0
data/pedestrian_crops/image (764)_1.jpg,0
data/pedestrian_crops/image (765)_0.jpg,0
data/pedestrian_crops/image (766)_0.jpg,0
data/pedestrian_crops/image (766)_1.jpg,0
data/pedestrian_crops/image (767)_0.jpg,0
data/pedestrian_crops/image (768)_0.jpg,0
data/pedestrian_crops/image (768)_1.jpg,0
data/pedestrian_crops/image (768)_2.jpg,0
data/pedestrian_crops/image (769)_0.jpg,0
data/pedestrian_crops/image (769)_1.jpg,0
data/pedestrian_crops/image (77)_0.jpg,1
data/pedestrian_crops/image (770)_0.jpg,0
data/pedestrian_crops/image (771)_0.jpg,0
data/pedestrian_crops/image (772)_0.jpg,0
data/pedestrian_crops/image (773)_0.jpg,0
data/pedestrian_crops/image (774)_0.jpg,0
data/pedestrian_crops/image (774)_1.jpg,0
data/pedestrian_crops/image (774)_2.jpg,0
data/pedestrian_crops/image (774)_3.jpg,0
data/pedestrian_crops/image (775)_0.jpg,0
data/pedestrian_crops/image (775)_1.jpg,0
data/pedestrian_crops/image (776)_0.jpg,0
data/pedestrian_crops/image (777)_0.jpg,0
data/pedestrian_crops/image (778)_0.jpg,0
data/pedestrian_crops/image (778)_1.jpg,1
data/pedestrian_crops/image (779)_0.jpg,0
data/pedestrian_crops/image (779)_1.jpg,0
data/pedestrian_crops/image (78)_0.jpg,1
data/pedestrian_crops/image (78)_1.jpg,1
data/pedestrian_crops/image (780)_0.jpg,0
data/pedestrian_crops/image (780)_1.jpg,0
data/pedestrian_crops/image (780)_2.jpg,0
data/pedestrian_crops/image (780)_3.jpg,0
data/pedestrian_crops/image (780)_4.jpg,0
data/pedestrian_crops/image (781)_0.jpg,0
data/pedestrian_crops/image (782)_0.jpg,0
data/pedestrian_crops/image (782)_1.jpg,0
data/pedestrian_crops/image (783)_0.jpg,0
data/pedestrian_crops/image (784)_0.jpg,0
data/pedestrian_crops/image (785)_0.jpg,0
data/pedestrian_crops/image (786)_0.jpg,0
data/pedestrian_crops/image (787)_0.jpg,0
data/pedestrian_crops/image (788)_0.jpg,0
data/pedestrian_crops/image (788)_1.jpg,0
data/pedestrian_crops/image (788)_2.jpg,0
data/pedestrian_crops/image (788)_3.jpg,0
data/pedestrian_crops/image (788)_4.jpg,0
data/pedestrian_crops/image (789)_0.jpg,0
data/pedestrian_crops/image (789)_1.jpg,0
data/pedestrian_crops/image (789)_2.jpg,0
data/pedestrian_crops/image (79)_0.jpg,1
data/pedestrian_crops/image (790)_0.jpg,0
data/pedestrian_crops/image (790)_1.jpg,0
data/pedestrian_crops/image (790)_2.jpg,0
data/pedestrian_crops/image (791)_0.jpg,0
data/pedestrian_crops/image (792)_0.jpg,0
data/pedestrian_crops/image (792)_1.jpg,0
data/pedestrian_crops/image (792)_2.jpg,0
data/pedestrian_crops/image (792)_3.jpg,0
data/pedestrian_crops/image (792)_4.jpg,0
data/pedestrian_crops/image (792)_5.jpg,0
data/pedestrian_crops/image (792)_6.jpg,0
data/pedestrian_crops/image (792)_7.jpg,0
data/pedestrian_crops/image (792)_8.jpg,0
data/pedestrian_crops/image (793)_0.jpg,0
data/pedestrian_crops/image (794)_0.jpg,0
data/pedestrian_crops/image (795)_0.jpg,0
data/pedestrian_crops/image (796)_0.jpg,0
data/pedestrian_crops/image (797)_0.jpg,0
data/pedestrian_crops/image (798)_0.jpg,0
data/pedestrian_crops/image (798)_1.jpg,1
data/pedestrian_crops/image (798)_2.jpg,1
data/pedestrian_crops/image (799)_0.jpg,0
data/pedestrian_crops/image (8)_0.jpg,1
data/pedestrian_crops/image (8)_1.jpg,1
data/pedestrian_crops/image (80)_0.jpg,1
data/pedestrian_crops/image (80)_1.jpg,1
data/pedestrian_crops/image (800)_0.jpg,0
data/pedestrian_crops/image (801)_0.jpg,0
data/pedestrian_crops/image (802)_0.jpg,0
data/pedestrian_crops/image (803)_0.jpg,0
data/pedestrian_crops/image (804)_0.jpg,0
data/pedestrian_crops/image (805)_0.jpg,0
data/pedestrian_crops/image (806)_0.jpg,0
data/pedestrian_crops/image (807)_0.jpg,0
data/pedestrian_crops/image (808)_0.jpg,0
data/pedestrian_crops/image (809)_0.jpg,0
data/pedestrian_crops/image (81)_0.jpg,1
data/pedestrian_crops/image (81)_1.jpg,1
data/pedestrian_crops/image (810)_0.jpg,0
data/pedestrian_crops/image (810)_1.jpg,0
data/pedestrian_crops/image (811)_0.jpg,0
data/pedestrian_crops/image (812)_0.jpg,0
data/pedestrian_crops/image (812)_1.jpg,0
data/pedestrian_crops/image (812)_2.jpg,0
data/pedestrian_crops/image (812)_3.jpg,0
data/pedestrian_crops/image (812)_4.jpg,0
data/pedestrian_crops/image (812)_5.jpg,0
data/pedestrian_crops/image (812)_6.jpg,0
data/pedestrian_crops/image (812)_7.jpg,0
data/pedestrian_crops/image (812)_8.jpg,0
data/pedestrian_crops/image (813)_0.jpg,0
data/pedestrian_crops/image (813)_1.jpg,0
data/pedestrian_crops/image (814)_0.jpg,0
data/pedestrian_crops/image (814)_1.jpg,0
data/pedestrian_crops/image (815)_0.jpg,0
data/pedestrian_crops/image (816)_0.jpg,0
data/pedestrian_crops/image (817)_0.jpg,0
data/pedestrian_crops/image (818)_0.jpg,0
data/pedestrian_crops/image (819)_0.jpg,0
data/pedestrian_crops/image (82)_0.jpg,1
data/pedestrian_crops/image (82)_1.jpg,1
data/pedestrian_crops/image (82)_2.jpg,1
data/pedestrian_crops/image (82)_3.jpg,1
data/pedestrian_crops/image (82)_4.jpg,1
data/pedestrian_crops/image (820)_0.jpg,0
data/pedestrian_crops/image (821)_0.jpg,0
data/pedestrian_crops/image (822)_0.jpg,0
data/pedestrian_crops/image (823)_0.jpg,0
data/pedestrian_crops/image (824)_0.jpg,0
data/pedestrian_crops/image (825)_0.jpg,0
data/pedestrian_crops/image (825)_1.jpg,0
data/pedestrian_crops/image (825)_2.jpg,0
data/pedestrian_crops/image (825)_3.jpg,1
data/pedestrian_crops/image (826)_0.jpg,1
data/pedestrian_crops/image (826)_1.jpg,0
data/pedestrian_crops/image (827)_0.jpg,0
data/pedestrian_crops/image (827)_1.jpg,0
data/pedestrian_crops/image (827)_2.jpg,0
data/pedestrian_crops/image (828)_0.jpg,0
data/pedestrian_crops/image (829)_0.jpg,0
data/pedestrian_crops/image (83)_0.jpg,1
data/pedestrian_crops/image (83)_1.jpg,1
data/pedestrian_crops/image (83)_2.jpg,1
data/pedestrian_crops/image (83)_3.jpg,1
data/pedestrian_crops/image (83)_4.jpg,1
data/pedestrian_crops/image (830)_0.jpg,0
data/pedestrian_crops/image (830)_1.jpg,1
data/pedestrian_crops/image (831)_0.jpg,0
data/pedestrian_crops/image (832)_0.jpg,0
data/pedestrian_crops/image (833)_0.jpg,0
data/pedestrian_crops/image (833)_1.jpg,0
data/pedestrian_crops/image (834)_0.jpg,0
data/pedestrian_crops/image (834)_1.jpg,0
data/pedestrian_crops/image (834)_2.jpg,0
data/pedestrian_crops/image (835)_0.jpg,0
data/pedestrian_crops/image (836)_0.jpg,0
data/pedestrian_crops/image (837)_0.jpg,0
data/pedestrian_crops/image (838)_0.jpg,0
data/pedestrian_crops/image (839)_0.jpg,0
data/pedestrian_crops/image (839)_1.jpg,0
data/pedestrian_crops/image (839)_2.jpg,0
data/pedestrian_crops/image (839)_3.jpg,0
data/pedestrian_crops/image (839)_4.jpg,1
data/pedestrian_crops/image (839)_5.jpg,1
data/pedestrian_crops/image (839)_6.jpg,1
data/pedestrian_crops/image (84)_0.jpg,1
data/pedestrian_crops/image (840)_0.jpg,0
data/pedestrian_crops/image (840)_1.jpg,0
data/pedestrian_crops/image (840)_2.jpg,0
data/pedestrian_crops/image (840)_3.jpg,0
data/pedestrian_crops/image (840)_4.jpg,0
data/pedestrian_crops/image (840)_5.jpg,0
data/pedestrian_crops/image (840)_6.jpg,0
data/pedestrian_crops/image (840)_7.jpg,0
data/pedestrian_crops/image (840)_8.jpg,0
data/pedestrian_crops/image (841)_0.jpg,0
data/pedestrian_crops/image (841)_1.jpg,1
data/pedestrian_crops/image (842)_0.jpg,1
data/pedestrian_crops/image (842)_1.jpg,1
data/pedestrian_crops/image (842)_2.jpg,1
data/pedestrian_crops/image (843)_0.jpg,0
data/pedestrian_crops/image (844)_0.jpg,0
data/pedestrian_crops/image (844)_1.jpg,0
data/pedestrian_crops/image (845)_0.jpg,0
data/pedestrian_crops/image (846)_0.jpg,0
data/pedestrian_crops/image (846)_1.jpg,0
data/pedestrian_crops/image (847)_0.jpg,0
data/pedestrian_crops/image (847)_1.jpg,0
data/pedestrian_crops/image (848)_0.jpg,0
data/pedestrian_crops/image (848)_1.jpg,0
data/pedestrian_crops/image (848)_2.jpg,0
data/pedestrian_crops/image (849)_0.jpg,0
data/pedestrian_crops/image (85)_0.jpg,1
data/pedestrian_crops/image (850)_0.jpg,0
data/pedestrian_crops/image (851)_0.jpg,0
data/pedestrian_crops/image (852)_0.jpg,0
data/pedestrian_crops/image (853)_0.jpg,0
data/pedestrian_crops/image (853)_1.jpg,0
data/pedestrian_crops/image (854)_0.jpg,0
data/pedestrian_crops/image (855)_0.jpg,0
data/pedestrian_crops/image (855)_1.jpg,0
data/pedestrian_crops/image (855)_2.jpg,0
data/pedestrian_crops/image (856)_0.jpg,0
data/pedestrian_crops/image (857)_0.jpg,0
data/pedestrian_crops/image (858)_0.jpg,0
data/pedestrian_crops/image (859)_0.jpg,0
data/pedestrian_crops/image (86)_0.jpg,1
data/pedestrian_crops/image (86)_1.jpg,1
data/pedestrian_crops/image (860)_0.jpg,0
data/pedestrian_crops/image (860)_1.jpg,0
data/pedestrian_crops/image (860)_2.jpg,0
data/pedestrian_crops/image (861)_0.jpg,0
data/pedestrian_crops/image (862)_0.jpg,0
data/pedestrian_crops/image (863)_0.jpg,0
data/pedestrian_crops/image (864)_0.jpg,0
data/pedestrian_crops/image (865)_0.jpg,0
data/pedestrian_crops/image (866)_0.jpg,0
data/pedestrian_crops/image (867)_0.jpg,0
data/pedestrian_crops/image (867)_1.jpg,0
data/pedestrian_crops/image (867)_2.jpg,0
data/pedestrian_crops/image (868)_0.jpg,0
data/pedestrian_crops/image (868)_1.jpg,0
data/pedestrian_crops/image (868)_2.jpg,0
data/pedestrian_crops/image (869)_0.jpg,0
data/pedestrian_crops/image (87)_0.jpg,1
data/pedestrian_crops/image (870)_0.jpg,0
data/pedestrian_crops/image (870)_1.jpg,0
data/pedestrian_crops/image (870)_2.jpg,0
data/pedestrian_crops/image (870)_3.jpg,0
data/pedestrian_crops/image (870)_4.jpg,0
data/pedestrian_crops/image (870)_5.jpg,0
data/pedestrian_crops/image (870)_6.jpg,0
data/pedestrian_crops/image (871)_0.jpg,0
data/pedestrian_crops/image (871)_1.jpg,0
data/pedestrian_crops/image (872)_0.jpg,0
data/pedestrian_crops/image (873)_0.jpg,0
data/pedestrian_crops/image (873)_1.jpg,0
data/pedestrian_crops/image (873)_2.jpg,0
data/pedestrian_crops/image (873)_3.jpg,0
data/pedestrian_crops/image (873)_4.jpg,1
data/pedestrian_crops/image (874)_0.jpg,0
data/pedestrian_crops/image (874)_1.jpg,0
data/pedestrian_crops/image (874)_2.jpg,1
data/pedestrian_crops/image (874)_3.jpg,0
data/pedestrian_crops/image (874)_4.jpg,0
data/pedestrian_crops/image (875)_0.jpg,0
data/pedestrian_crops/image (876)_0.jpg,0
data/pedestrian_crops/image (877)_0.jpg,0
data/pedestrian_crops/image (878)_0.jpg,0
data/pedestrian_crops/image (878)_1.jpg,0
data/pedestrian_crops/image (879)_0.jpg,0
data/pedestrian_crops/image (879)_1.jpg,0
data/pedestrian_crops/image (879)_2.jpg,0
data/pedestrian_crops/image (88)_0.jpg,1
data/pedestrian_crops/image (88)_1.jpg,1
data/pedestrian_crops/image (880)_0.jpg,0
data/pedestrian_crops/image (881)_0.jpg,0
data/pedestrian_crops/image (881)_1.jpg,0
data/pedestrian_crops/image (881)_2.jpg,0
data/pedestrian_crops/image (881)_3.jpg,1
data/pedestrian_crops/image (881)_4.jpg,0
data/pedestrian_crops/image (882)_0.jpg,0
data/pedestrian_crops/image (883)_0.jpg,0
data/pedestrian_crops/image (883)_1.jpg,0
data/pedestrian_crops/image (883)_2.jpg,0
data/pedestrian_crops/image (883)_3.jpg,0
data/pedestrian_crops/image (884)_0.jpg,0
data/pedestrian_crops/image (885)_0.jpg,0
data/pedestrian_crops/image (885)_1.jpg,0
data/pedestrian_crops/image (885)_2.jpg,0
data/pedestrian_crops/image (886)_0.jpg,0
data/pedestrian_crops/image (886)_1.jpg,0
data/pedestrian_crops/image (886)_2.jpg,0
data/pedestrian_crops/image (886)_3.jpg,0
data/pedestrian_crops/image (886)_4.jpg,0
data/pedestrian_crops/image (887)_0.jpg,0
data/pedestrian_crops/image (888)_0.jpg,0
data/pedestrian_crops/image (889)_0.jpg,0
data/pedestrian_crops/image (89)_0.jpg,1
data/pedestrian_crops/image (890)_0.jpg,0
data/pedestrian_crops/image (891)_0.jpg,0
data/pedestrian_crops/image (891)_1.jpg,0
data/pedestrian_crops/image (891)_2.jpg,0
data/pedestrian_crops/image (891)_3.jpg,0
data/pedestrian_crops/image (892)_0.jpg,0
data/pedestrian_crops/image (892)_1.jpg,0
data/pedestrian_crops/image (893)_0.jpg,0
data/pedestrian_crops/image (894)_0.jpg,0
data/pedestrian_crops/image (895)_0.jpg,0
data/pedestrian_crops/image (895)_1.jpg,1
data/pedestrian_crops/image (896)_0.jpg,0
data/pedestrian_crops/image (897)_0.jpg,0
data/pedestrian_crops/image (898)_0.jpg,0
data/pedestrian_crops/image (898)_1.jpg,0
data/pedestrian_crops/image (898)_2.jpg,0
data/pedestrian_crops/image (898)_3.jpg,0
data/pedestrian_crops/image (898)_4.jpg,0
data/pedestrian_crops/image (899)_0.jpg,0
data/pedestrian_crops/image (9)_0.jpg,1
data/pedestrian_crops/image (90)_0.jpg,1
data/pedestrian_crops/image (90)_1.jpg,1
data/pedestrian_crops/image (900)_0.jpg,0
data/pedestrian_crops/image (900)_1.jpg,0
data/pedestrian_crops/image (900)_2.jpg,0
data/pedestrian_crops/image (901)_0.jpg,0
data/pedestrian_crops/image (901)_1.jpg,0
data/pedestrian_crops/image (901)_2.jpg,0
data/pedestrian_crops/image (902)_0.jpg,0
data/pedestrian_crops/image (902)_1.jpg,0
data/pedestrian_crops/image (902)_2.jpg,0
data/pedestrian_crops/image (903)_0.jpg,0
data/pedestrian_crops/image (903)_1.jpg,0
data/pedestrian_crops/image (903)_2.jpg,0
data/pedestrian_crops/image (903)_3.jpg,0
data/pedestrian_crops/image (903)_4.jpg,0
data/pedestrian_crops/image (904)_0.jpg,0
data/pedestrian_crops/image (904)_1.jpg,0
data/pedestrian_crops/image (904)_2.jpg,0
data/pedestrian_crops/image (905)_0.jpg,0
data/pedestrian_crops/image (906)_0.jpg,0
data/pedestrian_crops/image (906)_1.jpg,0
data/pedestrian_crops/image (907)_0.jpg,0
data/pedestrian_crops/image (907)_1.jpg,0
data/pedestrian_crops/image (907)_2.jpg,0
data/pedestrian_crops/image (907)_3.jpg,0
data/pedestrian_crops/image (907)_4.jpg,0
data/pedestrian_crops/image (907)_5.jpg,0
data/pedestrian_crops/image (907)_6.jpg,1
data/pedestrian_crops/image (907)_7.jpg,1
data/pedestrian_crops/image (908)_0.jpg,0
data/pedestrian_crops/image (908)_1.jpg,0
data/pedestrian_crops/image (908)_2.jpg,0
data/pedestrian_crops/image (908)_3.jpg,0
data/pedestrian_crops/image (908)_4.jpg,0
data/pedestrian_crops/image (909)_0.jpg,0
data/pedestrian_crops/image (909)_1.jpg,0
data/pedestrian_crops/image (909)_2.jpg,0
data/pedestrian_crops/image (909)_3.jpg,0
data/pedestrian_crops/image (909)_4.jpg,0
data/pedestrian_crops/image (909)_5.jpg,0
data/pedestrian_crops/image (909)_6.jpg,0
data/pedestrian_crops/image (909)_7.jpg,0
data/pedestrian_crops/image (909)_8.jpg,0
data/pedestrian_crops/image (909)_9.jpg,0
data/pedestrian_crops/image (909)_10.jpg,0
data/pedestrian_crops/image (909)_11.jpg,0
data/pedestrian_crops/image (91)_0.jpg,1
data/pedestrian_crops/image (910)_0.jpg,0
data/pedestrian_crops/image (911)_0.jpg,0
data/pedestrian_crops/image (912)_0.jpg,0
data/pedestrian_crops/image (912)_1.jpg,1
data/pedestrian_crops/image (913)_0.jpg,0
data/pedestrian_crops/image (913)_1.jpg,0
data/pedestrian_crops/image (914)_0.jpg,0
data/pedestrian_crops/image (914)_1.jpg,0
data/pedestrian_crops/image (914)_2.jpg,0
data/pedestrian_crops/image (914)_3.jpg,0
data/pedestrian_crops/image (914)_4.jpg,1
data/pedestrian_crops/image (915)_0.jpg,0
data/pedestrian_crops/image (915)_1.jpg,0
data/pedestrian_crops/image (915)_2.jpg,0
data/pedestrian_crops/image (916)_0.jpg,0
data/pedestrian_crops/image (917)_0.jpg,0
data/pedestrian_crops/image (918)_0.jpg,0
data/pedestrian_crops/image (918)_1.jpg,0
data/pedestrian_crops/image (918)_2.jpg,0
data/pedestrian_crops/image (918)_3.jpg,0
data/pedestrian_crops/image (918)_4.jpg,0
data/pedestrian_crops/image (918)_5.jpg,0
data/pedestrian_crops/image (918)_6.jpg,1
data/pedestrian_crops/image (919)_0.jpg,0
data/pedestrian_crops/image (92)_0.jpg,1
data/pedestrian_crops/image (920)_0.jpg,0
data/pedestrian_crops/image (920)_1.jpg,0
data/pedestrian_crops/image (920)_2.jpg,0
data/pedestrian_crops/image (920)_3.jpg,0
data/pedestrian_crops/image (921)_0.jpg,0
data/pedestrian_crops/image (921)_1.jpg,0
data/pedestrian_crops/image (921)_2.jpg,0
data/pedestrian_crops/image (921)_3.jpg,0
data/pedestrian_crops/image (922)_0.jpg,0
data/pedestrian_crops/image (922)_1.jpg,0
data/pedestrian_crops/image (922)_2.jpg,0
data/pedestrian_crops/image (923)_0.jpg,0
data/pedestrian_crops/image (924)_0.jpg,1
data/pedestrian_crops/image (924)_1.jpg,0
data/pedestrian_crops/image (925)_0.jpg,0
data/pedestrian_crops/image (925)_1.jpg,0
data/pedestrian_crops/image (926)_0.jpg,0
data/pedestrian_crops/image (926)_1.jpg,0
data/pedestrian_crops/image (926)_2.jpg,0
data/pedestrian_crops/image (926)_3.jpg,0
data/pedestrian_crops/image (927)_0.jpg,0
data/pedestrian_crops/image (928)_0.jpg,0
data/pedestrian_crops/image (928)_1.jpg,0
data/pedestrian_crops/image (928)_2.jpg,0
data/pedestrian_crops/image (928)_3.jpg,0
data/pedestrian_crops/image (928)_4.jpg,0
data/pedestrian_crops/image (929)_0.jpg,0
data/pedestrian_crops/image (929)_1.jpg,0
data/pedestrian_crops/image (93)_0.jpg,1
data/pedestrian_crops/image (930)_0.jpg,0
data/pedestrian_crops/image (930)_1.jpg,0
data/pedestrian_crops/image (931)_0.jpg,0
data/pedestrian_crops/image (931)_1.jpg,1
data/pedestrian_crops/image (932)_0.jpg,0
data/pedestrian_crops/image (932)_1.jpg,0
data/pedestrian_crops/image (932)_2.jpg,0
data/pedestrian_crops/image (932)_3.jpg,0
data/pedestrian_crops/image (932)_4.jpg,0
data/pedestrian_crops/image (932)_5.jpg,0
data/pedestrian_crops/image (932)_6.jpg,0
data/pedestrian_crops/image (932)_7.jpg,0
data/pedestrian_crops/image (933)_0.jpg,0
data/pedestrian_crops/image (933)_1.jpg,0
data/pedestrian_crops/image (934)_0.jpg,0
data/pedestrian_crops/image (934)_1.jpg,0
data/pedestrian_crops/image (934)_2.jpg,0
data/pedestrian_crops/image (934)_3.jpg,0
data/pedestrian_crops/image (935)_0.jpg,0
data/pedestrian_crops/image (935)_1.jpg,1
data/pedestrian_crops/image (936)_0.jpg,0
data/pedestrian_crops/image (936)_1.jpg,0
data/pedestrian_crops/image (936)_2.jpg,0
data/pedestrian_crops/image (937)_0.jpg,0
data/pedestrian_crops/image (937)_1.jpg,0
data/pedestrian_crops/image (937)_2.jpg,0
data/pedestrian_crops/image (938)_0.jpg,0
data/pedestrian_crops/image (938)_1.jpg,0
data/pedestrian_crops/image (938)_2.jpg,0
data/pedestrian_crops/image (939)_0.jpg,0
data/pedestrian_crops/image (939)_1.jpg,0
data/pedestrian_crops/image (939)_2.jpg,0
data/pedestrian_crops/image (939)_3.jpg,0
data/pedestrian_crops/image (939)_4.jpg,0
data/pedestrian_crops/image (939)_5.jpg,0
data/pedestrian_crops/image (94)_0.jpg,1
data/pedestrian_crops/image (940)_0.jpg,0
data/pedestrian_crops/image (941)_0.jpg,0
data/pedestrian_crops/image (941)_1.jpg,0
data/pedestrian_crops/image (942)_0.jpg,0
data/pedestrian_crops/image (942)_1.jpg,0
data/pedestrian_crops/image (942)_2.jpg,0
data/pedestrian_crops/image (943)_0.jpg,0
data/pedestrian_crops/image (943)_1.jpg,0
data/pedestrian_crops/image (943)_2.jpg,0
data/pedestrian_crops/image (943)_3.jpg,0
data/pedestrian_crops/image (944)_0.jpg,0
data/pedestrian_crops/image (944)_1.jpg,0
data/pedestrian_crops/image (95)_0.jpg,1
data/pedestrian_crops/image (96)_0.jpg,1
data/pedestrian_crops/image (97)_0.jpg,1
data/pedestrian_crops/image (97)_1.jpg,1
data/pedestrian_crops/image (98)_0.jpg,1
data/pedestrian_crops/image (98)_1.jpg,1
data/pedestrian_crops/image (98)_2.jpg,1
data/pedestrian_crops/image (98)_3.jpg,1
data/pedestrian_crops/image (98)_4.jpg,1
data/pedestrian_crops/image (98)_5.jpg,1
data/pedestrian_crops/image (99)_0.jpg,1
data/pedestrian_crops/image (99)_1.jpg,1
